fold,partition,fila_fuente
2025-01-25,train,115
2025-01-25,train,114
2025-01-25,train,51
2025-01-25,train,57
2025-01-25,train,83
2025-01-25,train,90
2025-01-25,train,127
2025-01-25,train,82
2025-01-25,train,88
2025-01-25,train,63
2025-01-25,train,77
2025-01-25,train,64
2025-01-25,train,74
2025-01-25,train,84
2025-01-25,train,65
2025-01-25,train,49
2025-01-25,train,52
2025-01-25,train,72
2025-01-25,train,48
2025-01-25,train,50
2025-01-25,train,73
2025-01-25,train,53
2025-01-25,train,95
2025-01-25,train,68
2025-01-25,train,67
2025-01-25,train,97
2025-01-25,train,107
2025-01-25,train,70
2025-01-25,train,69
2025-01-25,train,96
2025-01-25,train,71
2025-01-25,train,75
2025-01-25,train,103
2025-01-25,train,76
2025-01-25,train,119
2025-01-25,train,101
2025-01-25,train,120
2025-01-25,train,100
2025-01-25,train,93
2025-01-25,train,108
2025-01-25,train,102
2025-01-25,train,121
2025-01-25,train,122
2025-01-25,train,116
2025-01-25,train,117
2025-01-25,train,80
2025-01-25,train,81
2025-01-25,train,54
2025-01-25,train,109
2025-01-25,train,59
2025-01-25,train,118
2025-01-25,train,104
2025-01-25,train,66
2025-01-25,train,105
2025-01-25,train,61
2025-01-25,train,106
2025-01-25,train,62
2025-01-25,train,55
2025-01-25,train,98
2025-01-25,train,56
2025-01-25,train,60
2025-01-25,train,99
2025-01-25,train,94
2025-01-25,train,111
2025-01-25,train,92
2025-01-25,train,85
2025-01-25,train,124
2025-01-25,train,91
2025-01-25,train,123
2025-01-25,train,86
2025-01-25,train,166
2025-01-25,train,125
2025-01-25,train,133
2025-01-25,train,159
2025-01-25,train,150
2025-01-25,train,163
2025-01-25,train,162
2025-01-25,train,134
2025-01-25,train,164
2025-01-25,train,149
2025-01-25,train,165
2025-01-25,train,144
2025-01-25,train,145
2025-01-25,train,158
2025-01-25,train,160
2025-01-25,train,151
2025-01-25,train,152
2025-01-25,train,128
2025-01-25,train,147
2025-01-25,train,135
2025-01-25,train,130
2025-01-25,train,129
2025-01-25,train,155
2025-01-25,train,143
2025-01-25,train,131
2025-01-25,train,161
2025-01-25,train,154
2025-01-25,train,142
2025-01-25,train,132
2025-01-25,train,141
2025-01-25,train,156
2025-01-25,train,157
2025-01-25,train,153
2025-01-25,train,140
2025-01-25,train,138
2025-01-25,train,136
2025-01-25,train,137
2025-01-25,train,146
2025-01-25,train,139
2025-01-25,train,148
2025-01-25,train,175
2025-01-25,train,189
2025-01-25,train,176
2025-01-25,train,174
2025-01-25,train,193
2025-01-25,train,172
2025-01-25,train,168
2025-01-25,train,182
2025-01-25,train,181
2025-01-25,train,171
2025-01-25,train,170
2025-01-25,train,169
2025-01-25,train,183
2025-01-25,train,178
2025-01-25,train,167
2025-01-25,train,184
2025-01-25,train,177
2025-01-25,train,186
2025-01-25,train,173
2025-01-25,train,180
2025-01-25,train,191
2025-01-25,train,190
2025-01-25,train,188
2025-01-25,train,192
2025-01-25,train,187
2025-01-25,train,185
2025-01-25,train,179
2025-01-25,train,221
2025-01-25,train,202
2025-01-25,train,203
2025-01-25,train,217
2025-01-25,train,218
2025-01-25,train,204
2025-01-25,train,205
2025-01-25,train,206
2025-01-25,train,227
2025-01-25,train,229
2025-01-25,train,228
2025-01-25,train,215
2025-01-25,train,222
2025-01-25,train,197
2025-01-25,train,219
2025-01-25,train,220
2025-01-25,train,231
2025-01-25,train,212
2025-01-25,train,230
2025-01-25,train,213
2025-01-25,train,208
2025-01-25,train,216
2025-01-25,train,214
2025-01-25,train,207
2025-01-25,train,194
2025-01-25,train,201
2025-01-25,train,209
2025-01-25,train,195
2025-01-25,train,196
2025-01-25,train,211
2025-01-25,train,224
2025-01-25,train,226
2025-01-25,train,210
2025-01-25,train,223
2025-01-25,train,200
2025-01-25,train,198
2025-01-25,train,225
2025-01-25,train,199
2025-01-25,train,246
2025-01-25,train,251
2025-01-25,train,257
2025-01-25,train,262
2025-01-25,train,245
2025-01-25,train,265
2025-01-25,train,258
2025-01-25,train,248
2025-01-25,train,253
2025-01-25,train,266
2025-01-25,train,269
2025-01-25,train,247
2025-01-25,train,235
2025-01-25,train,255
2025-01-25,train,256
2025-01-25,train,254
2025-01-25,train,267
2025-01-25,train,268
2025-01-25,train,239
2025-01-25,train,236
2025-01-25,train,234
2025-01-25,train,249
2025-01-25,train,238
2025-01-25,train,243
2025-01-25,train,259
2025-01-25,train,261
2025-01-25,train,260
2025-01-25,train,250
2025-01-25,train,244
2025-01-25,train,240
2025-01-25,train,241
2025-01-25,train,242
2025-01-25,train,263
2025-01-25,train,232
2025-01-25,train,233
2025-01-25,train,264
2025-01-25,train,237
2025-01-25,train,252
2025-01-25,train,281
2025-01-25,train,282
2025-01-25,train,320
2025-01-25,train,293
2025-01-25,train,321
2025-01-25,train,322
2025-01-25,train,323
2025-01-25,train,304
2025-01-25,train,310
2025-01-25,train,294
2025-01-25,train,319
2025-01-25,train,324
2025-01-25,train,302
2025-01-25,train,308
2025-01-25,train,295
2025-01-25,train,300
2025-01-25,train,311
2025-01-25,train,280
2025-01-25,train,301
2025-01-25,train,316
2025-01-25,train,296
2025-01-25,train,317
2025-01-25,train,303
2025-01-25,train,318
2025-01-25,train,306
2025-01-25,train,297
2025-01-25,train,305
2025-01-25,train,307
2025-01-25,train,275
2025-01-25,train,312
2025-01-25,train,271
2025-01-25,train,279
2025-01-25,train,287
2025-01-25,train,299
2025-01-25,train,298
2025-01-25,train,276
2025-01-25,train,277
2025-01-25,train,270
2025-01-25,train,286
2025-01-25,train,288
2025-01-25,train,283
2025-01-25,train,284
2025-01-25,train,314
2025-01-25,train,272
2025-01-25,train,290
2025-01-25,train,278
2025-01-25,train,313
2025-01-25,train,285
2025-01-25,train,315
2025-01-25,train,291
2025-01-25,train,292
2025-01-25,train,273
2025-01-25,train,274
2025-01-25,train,309
2025-01-25,train,365
2025-01-25,train,343
2025-01-25,train,352
2025-01-25,train,359
2025-01-25,train,325
2025-01-25,train,360
2025-01-25,train,363
2025-01-25,train,364
2025-01-25,train,340
2025-01-25,train,327
2025-01-25,train,326
2025-01-25,train,355
2025-01-25,train,356
2025-01-25,train,336
2025-01-25,train,362
2025-01-25,train,361
2025-01-25,train,353
2025-01-25,train,354
2025-01-25,train,338
2025-01-25,train,333
2025-01-25,train,347
2025-01-25,train,346
2025-01-25,train,337
2025-01-25,train,366
2025-01-25,train,367
2025-01-25,train,368
2025-01-25,train,350
2025-01-25,train,341
2025-01-25,train,342
2025-01-25,train,348
2025-01-25,train,344
2025-01-25,train,345
2025-01-25,train,357
2025-01-25,train,358
2025-01-25,train,349
2025-01-25,train,339
2025-01-25,train,351
2025-01-25,train,334
2025-01-25,train,332
2025-01-25,train,331
2025-01-25,train,335
2025-01-25,train,328
2025-01-25,train,329
2025-01-25,train,330
2025-01-25,train,393
2025-01-25,train,379
2025-01-25,train,371
2025-01-25,train,400
2025-01-25,train,401
2025-01-25,train,372
2025-01-25,train,402
2025-01-25,train,395
2025-01-25,train,373
2025-01-25,train,398
2025-01-25,train,396
2025-01-25,train,374
2025-01-25,train,404
2025-01-25,train,403
2025-01-25,train,390
2025-01-25,train,399
2025-01-25,train,375
2025-01-25,train,394
2025-01-25,train,397
2025-01-25,train,376
2025-01-25,train,377
2025-01-25,train,378
2025-01-25,train,386
2025-01-25,train,387
2025-01-25,train,385
2025-01-25,train,382
2025-01-25,train,369
2025-01-25,train,370
2025-01-25,train,383
2025-01-25,train,384
2025-01-25,train,392
2025-01-25,train,388
2025-01-25,train,380
2025-01-25,train,391
2025-01-25,train,381
2025-01-25,train,389
2025-01-25,train,415
2025-01-25,train,416
2025-01-25,train,406
2025-01-25,train,418
2025-01-25,train,413
2025-01-25,train,407
2025-01-25,train,419
2025-01-25,train,429
2025-01-25,train,431
2025-01-25,train,432
2025-01-25,train,417
2025-01-25,train,420
2025-01-25,train,433
2025-01-25,train,414
2025-01-25,train,405
2025-01-25,train,411
2025-01-25,train,430
2025-01-25,train,408
2025-01-25,train,427
2025-01-25,train,422
2025-01-25,train,423
2025-01-25,train,410
2025-01-25,train,409
2025-01-25,train,426
2025-01-25,train,412
2025-01-25,train,421
2025-01-25,train,424
2025-01-25,train,425
2025-01-25,train,428
2025-01-25,train,451
2025-01-25,train,470
2025-01-25,train,452
2025-01-25,train,463
2025-01-25,train,466
2025-01-25,train,441
2025-01-25,train,456
2025-01-25,train,450
2025-01-25,train,453
2025-01-25,train,442
2025-01-25,train,449
2025-01-25,train,448
2025-01-25,train,434
2025-01-25,train,435
2025-01-25,train,447
2025-01-25,train,443
2025-01-25,train,445
2025-01-25,train,444
2025-01-25,train,457
2025-01-25,train,458
2025-01-25,train,438
2025-01-25,train,436
2025-01-25,train,460
2025-01-25,train,461
2025-01-25,train,446
2025-01-25,train,467
2025-01-25,train,468
2025-01-25,train,462
2025-01-25,train,454
2025-01-25,train,455
2025-01-25,train,439
2025-01-25,train,440
2025-01-25,train,437
2025-01-25,train,469
2025-01-25,train,464
2025-01-25,train,465
2025-01-25,train,476
2025-01-25,train,477
2025-01-25,train,502
2025-01-25,train,503
2025-01-25,train,478
2025-01-25,train,472
2025-01-25,train,498
2025-01-25,train,497
2025-01-25,train,473
2025-01-25,train,507
2025-01-25,train,508
2025-01-25,train,479
2025-01-25,train,474
2025-01-25,train,480
2025-01-25,train,494
2025-01-25,train,484
2025-01-25,train,485
2025-01-25,train,495
2025-01-25,train,475
2025-01-25,train,500
2025-01-25,train,481
2025-01-25,train,487
2025-01-25,train,492
2025-01-25,train,493
2025-01-25,train,501
2025-01-25,train,499
2025-01-25,train,509
2025-01-25,train,496
2025-01-25,train,471
2025-01-25,train,486
2025-01-25,train,505
2025-01-25,train,482
2025-01-25,train,483
2025-01-25,train,490
2025-01-25,train,506
2025-01-25,train,489
2025-01-25,train,488
2025-01-25,train,525
2025-01-25,train,514
2025-01-25,train,528
2025-01-25,train,511
2025-01-25,train,510
2025-01-25,train,531
2025-01-25,train,526
2025-01-25,train,536
2025-01-25,train,530
2025-01-25,train,534
2025-01-25,train,524
2025-01-25,train,527
2025-01-25,train,521
2025-01-25,train,532
2025-01-25,train,518
2025-01-25,train,519
2025-01-25,train,513
2025-01-25,train,512
2025-01-25,train,533
2025-01-25,train,523
2025-01-25,train,535
2025-01-25,train,522
2025-01-25,train,516
2025-01-25,train,520
2025-01-25,train,515
2025-01-25,train,517
2025-01-25,train,529
2025-01-25,train,546
2025-01-25,train,548
2025-01-25,train,547
2025-01-25,train,549
2025-01-25,train,552
2025-01-25,train,537
2025-01-25,train,538
2025-01-25,train,540
2025-01-25,train,543
2025-01-25,train,545
2025-01-25,train,544
2025-01-25,train,560
2025-01-25,train,561
2025-01-25,train,562
2025-01-25,train,563
2025-01-25,train,557
2025-01-25,train,559
2025-01-25,train,550
2025-01-25,train,554
2025-01-25,train,556
2025-01-25,train,553
2025-01-25,train,555
2025-01-25,train,541
2025-01-25,train,542
2025-01-25,train,551
2025-01-25,train,539
2025-01-25,train,558
2025-01-25,train,574
2025-01-25,train,575
2025-01-25,train,583
2025-01-25,train,586
2025-01-25,train,587
2025-01-25,train,597
2025-01-25,train,584
2025-01-25,train,585
2025-01-25,train,590
2025-01-25,train,588
2025-01-25,train,591
2025-01-25,train,592
2025-01-25,train,564
2025-01-25,train,579
2025-01-25,train,580
2025-01-25,train,578
2025-01-25,train,576
2025-01-25,train,577
2025-01-25,train,601
2025-01-25,train,593
2025-01-25,train,566
2025-01-25,train,565
2025-01-25,train,594
2025-01-25,train,569
2025-01-25,train,596
2025-01-25,train,595
2025-01-25,train,602
2025-01-25,train,581
2025-01-25,train,582
2025-01-25,train,603
2025-01-25,train,604
2025-01-25,train,605
2025-01-25,train,571
2025-01-25,train,570
2025-01-25,train,567
2025-01-25,train,568
2025-01-25,train,572
2025-01-25,train,589
2025-01-25,train,598
2025-01-25,train,599
2025-01-25,train,600
2025-01-25,train,573
2025-01-25,train,609
2025-01-25,train,610
2025-01-25,train,618
2025-01-25,train,606
2025-01-25,train,622
2025-01-25,train,623
2025-01-25,train,611
2025-01-25,train,619
2025-01-25,train,627
2025-01-25,train,628
2025-01-25,train,615
2025-01-25,train,624
2025-01-25,train,612
2025-01-25,train,613
2025-01-25,train,614
2025-01-25,train,629
2025-01-25,train,631
2025-01-25,train,617
2025-01-25,train,625
2025-01-25,train,637
2025-01-25,train,632
2025-01-25,train,616
2025-01-25,train,626
2025-01-25,train,638
2025-01-25,train,633
2025-01-25,train,608
2025-01-25,train,607
2025-01-25,train,641
2025-01-25,train,620
2025-01-25,train,636
2025-01-25,train,634
2025-01-25,train,630
2025-01-25,train,621
2025-01-25,train,635
2025-01-25,train,639
2025-01-25,train,640
2025-01-25,train,673
2025-01-25,train,674
2025-01-25,train,654
2025-01-25,train,675
2025-01-25,train,656
2025-01-25,train,657
2025-01-25,train,661
2025-01-25,train,671
2025-01-25,train,648
2025-01-25,train,672
2025-01-25,train,653
2025-01-25,train,667
2025-01-25,train,642
2025-01-25,train,650
2025-01-25,train,646
2025-01-25,train,647
2025-01-25,train,662
2025-01-25,train,643
2025-01-25,train,670
2025-01-25,train,669
2025-01-25,train,663
2025-01-25,train,659
2025-01-25,train,668
2025-01-25,train,658
2025-01-25,train,649
2025-01-25,train,676
2025-01-25,train,664
2025-01-25,train,666
2025-01-25,train,665
2025-01-25,train,660
2025-01-25,train,651
2025-01-25,train,706
2025-01-25,train,652
2025-01-25,train,677
2025-01-25,train,655
2025-01-25,train,644
2025-01-25,train,714
2025-01-25,train,645
2025-01-25,train,682
2025-01-25,train,681
2025-01-25,train,689
2025-01-25,train,696
2025-01-25,train,695
2025-01-25,train,690
2025-01-25,train,691
2025-01-25,train,713
2025-01-25,train,683
2025-01-25,train,684
2025-01-25,train,700
2025-01-25,train,688
2025-01-25,train,702
2025-01-25,train,703
2025-01-25,train,705
2025-01-25,train,686
2025-01-25,train,687
2025-01-25,train,704
2025-01-25,train,693
2025-01-25,train,678
2025-01-25,train,694
2025-01-25,train,685
2025-01-25,train,701
2025-01-25,train,699
2025-01-25,train,679
2025-01-25,train,707
2025-01-25,train,708
2025-01-25,train,698
2025-01-25,train,680
2025-01-25,train,709
2025-01-25,train,732
2025-01-25,inner_train,115
2025-01-25,inner_train,114
2025-01-25,inner_train,51
2025-01-25,inner_train,57
2025-01-25,inner_train,83
2025-01-25,inner_train,90
2025-01-25,inner_train,127
2025-01-25,inner_train,82
2025-01-25,inner_train,88
2025-01-25,inner_train,63
2025-01-25,inner_train,77
2025-01-25,inner_train,64
2025-01-25,inner_train,74
2025-01-25,inner_train,84
2025-01-25,inner_train,65
2025-01-25,inner_train,49
2025-01-25,inner_train,52
2025-01-25,inner_train,72
2025-01-25,inner_train,48
2025-01-25,inner_train,50
2025-01-25,inner_train,73
2025-01-25,inner_train,53
2025-01-25,inner_train,95
2025-01-25,inner_train,68
2025-01-25,inner_train,67
2025-01-25,inner_train,97
2025-01-25,inner_train,107
2025-01-25,inner_train,70
2025-01-25,inner_train,69
2025-01-25,inner_train,96
2025-01-25,inner_train,71
2025-01-25,inner_train,75
2025-01-25,inner_train,103
2025-01-25,inner_train,76
2025-01-25,inner_train,119
2025-01-25,inner_train,101
2025-01-25,inner_train,120
2025-01-25,inner_train,100
2025-01-25,inner_train,93
2025-01-25,inner_train,108
2025-01-25,inner_train,102
2025-01-25,inner_train,121
2025-01-25,inner_train,122
2025-01-25,inner_train,116
2025-01-25,inner_train,117
2025-01-25,inner_train,80
2025-01-25,inner_train,81
2025-01-25,inner_train,54
2025-01-25,inner_train,109
2025-01-25,inner_train,59
2025-01-25,inner_train,118
2025-01-25,inner_train,104
2025-01-25,inner_train,66
2025-01-25,inner_train,105
2025-01-25,inner_train,61
2025-01-25,inner_train,106
2025-01-25,inner_train,62
2025-01-25,inner_train,55
2025-01-25,inner_train,98
2025-01-25,inner_train,56
2025-01-25,inner_train,60
2025-01-25,inner_train,99
2025-01-25,inner_train,94
2025-01-25,inner_train,111
2025-01-25,inner_train,92
2025-01-25,inner_train,85
2025-01-25,inner_train,124
2025-01-25,inner_train,91
2025-01-25,inner_train,123
2025-01-25,inner_train,86
2025-01-25,inner_train,166
2025-01-25,inner_train,125
2025-01-25,inner_train,133
2025-01-25,inner_train,159
2025-01-25,inner_train,150
2025-01-25,inner_train,163
2025-01-25,inner_train,162
2025-01-25,inner_train,134
2025-01-25,inner_train,164
2025-01-25,inner_train,149
2025-01-25,inner_train,165
2025-01-25,inner_train,144
2025-01-25,inner_train,145
2025-01-25,inner_train,158
2025-01-25,inner_train,160
2025-01-25,inner_train,151
2025-01-25,inner_train,152
2025-01-25,inner_train,128
2025-01-25,inner_train,147
2025-01-25,inner_train,135
2025-01-25,inner_train,130
2025-01-25,inner_train,129
2025-01-25,inner_train,155
2025-01-25,inner_train,143
2025-01-25,inner_train,131
2025-01-25,inner_train,161
2025-01-25,inner_train,154
2025-01-25,inner_train,142
2025-01-25,inner_train,132
2025-01-25,inner_train,141
2025-01-25,inner_train,156
2025-01-25,inner_train,157
2025-01-25,inner_train,153
2025-01-25,inner_train,140
2025-01-25,inner_train,138
2025-01-25,inner_train,136
2025-01-25,inner_train,137
2025-01-25,inner_train,146
2025-01-25,inner_train,139
2025-01-25,inner_train,148
2025-01-25,inner_train,175
2025-01-25,inner_train,189
2025-01-25,inner_train,176
2025-01-25,inner_train,174
2025-01-25,inner_train,193
2025-01-25,inner_train,172
2025-01-25,inner_train,168
2025-01-25,inner_train,182
2025-01-25,inner_train,181
2025-01-25,inner_train,171
2025-01-25,inner_train,170
2025-01-25,inner_train,169
2025-01-25,inner_train,183
2025-01-25,inner_train,178
2025-01-25,inner_train,167
2025-01-25,inner_train,184
2025-01-25,inner_train,177
2025-01-25,inner_train,186
2025-01-25,inner_train,173
2025-01-25,inner_train,180
2025-01-25,inner_train,191
2025-01-25,inner_train,190
2025-01-25,inner_train,188
2025-01-25,inner_train,192
2025-01-25,inner_train,187
2025-01-25,inner_train,185
2025-01-25,inner_train,179
2025-01-25,inner_train,221
2025-01-25,inner_train,202
2025-01-25,inner_train,203
2025-01-25,inner_train,217
2025-01-25,inner_train,218
2025-01-25,inner_train,204
2025-01-25,inner_train,205
2025-01-25,inner_train,206
2025-01-25,inner_train,227
2025-01-25,inner_train,229
2025-01-25,inner_train,228
2025-01-25,inner_train,215
2025-01-25,inner_train,222
2025-01-25,inner_train,197
2025-01-25,inner_train,219
2025-01-25,inner_train,220
2025-01-25,inner_train,231
2025-01-25,inner_train,212
2025-01-25,inner_train,230
2025-01-25,inner_train,213
2025-01-25,inner_train,208
2025-01-25,inner_train,216
2025-01-25,inner_train,214
2025-01-25,inner_train,207
2025-01-25,inner_train,194
2025-01-25,inner_train,201
2025-01-25,inner_train,209
2025-01-25,inner_train,195
2025-01-25,inner_train,196
2025-01-25,inner_train,211
2025-01-25,inner_train,224
2025-01-25,inner_train,226
2025-01-25,inner_train,210
2025-01-25,inner_train,223
2025-01-25,inner_train,200
2025-01-25,inner_train,198
2025-01-25,inner_train,225
2025-01-25,inner_train,199
2025-01-25,inner_train,246
2025-01-25,inner_train,251
2025-01-25,inner_train,257
2025-01-25,inner_train,262
2025-01-25,inner_train,245
2025-01-25,inner_train,265
2025-01-25,inner_train,258
2025-01-25,inner_train,248
2025-01-25,inner_train,253
2025-01-25,inner_train,266
2025-01-25,inner_train,269
2025-01-25,inner_train,247
2025-01-25,inner_train,235
2025-01-25,inner_train,255
2025-01-25,inner_train,256
2025-01-25,inner_train,254
2025-01-25,inner_train,267
2025-01-25,inner_train,268
2025-01-25,inner_train,239
2025-01-25,inner_train,236
2025-01-25,inner_train,234
2025-01-25,inner_train,249
2025-01-25,inner_train,238
2025-01-25,inner_train,243
2025-01-25,inner_train,259
2025-01-25,inner_train,261
2025-01-25,inner_train,260
2025-01-25,inner_train,250
2025-01-25,inner_train,244
2025-01-25,inner_train,240
2025-01-25,inner_train,241
2025-01-25,inner_train,242
2025-01-25,inner_train,263
2025-01-25,inner_train,232
2025-01-25,inner_train,233
2025-01-25,inner_train,264
2025-01-25,inner_train,237
2025-01-25,inner_train,252
2025-01-25,inner_train,281
2025-01-25,inner_train,282
2025-01-25,inner_train,320
2025-01-25,inner_train,293
2025-01-25,inner_train,321
2025-01-25,inner_train,322
2025-01-25,inner_train,323
2025-01-25,inner_train,304
2025-01-25,inner_train,310
2025-01-25,inner_train,294
2025-01-25,inner_train,319
2025-01-25,inner_train,324
2025-01-25,inner_train,302
2025-01-25,inner_train,308
2025-01-25,inner_train,295
2025-01-25,inner_train,300
2025-01-25,inner_train,311
2025-01-25,inner_train,280
2025-01-25,inner_train,301
2025-01-25,inner_train,316
2025-01-25,inner_train,296
2025-01-25,inner_train,317
2025-01-25,inner_train,303
2025-01-25,inner_train,318
2025-01-25,inner_train,306
2025-01-25,inner_train,297
2025-01-25,inner_train,305
2025-01-25,inner_train,307
2025-01-25,inner_train,275
2025-01-25,inner_train,312
2025-01-25,inner_train,271
2025-01-25,inner_train,279
2025-01-25,inner_train,287
2025-01-25,inner_train,299
2025-01-25,inner_train,298
2025-01-25,inner_train,276
2025-01-25,inner_train,277
2025-01-25,inner_train,270
2025-01-25,inner_train,286
2025-01-25,inner_train,288
2025-01-25,inner_train,283
2025-01-25,inner_train,284
2025-01-25,inner_train,314
2025-01-25,inner_train,272
2025-01-25,inner_train,290
2025-01-25,inner_train,278
2025-01-25,inner_train,313
2025-01-25,inner_train,285
2025-01-25,inner_train,315
2025-01-25,inner_train,291
2025-01-25,inner_train,292
2025-01-25,inner_train,273
2025-01-25,inner_train,274
2025-01-25,inner_train,309
2025-01-25,inner_train,365
2025-01-25,inner_train,343
2025-01-25,inner_train,352
2025-01-25,inner_train,359
2025-01-25,inner_train,325
2025-01-25,inner_train,360
2025-01-25,inner_train,363
2025-01-25,inner_train,364
2025-01-25,inner_train,340
2025-01-25,inner_train,327
2025-01-25,inner_train,326
2025-01-25,inner_train,355
2025-01-25,inner_train,356
2025-01-25,inner_train,336
2025-01-25,inner_train,362
2025-01-25,inner_train,361
2025-01-25,inner_train,353
2025-01-25,inner_train,354
2025-01-25,inner_train,338
2025-01-25,inner_train,333
2025-01-25,inner_train,347
2025-01-25,inner_train,346
2025-01-25,inner_train,337
2025-01-25,inner_train,366
2025-01-25,inner_train,367
2025-01-25,inner_train,368
2025-01-25,inner_train,350
2025-01-25,inner_train,341
2025-01-25,inner_train,342
2025-01-25,inner_train,348
2025-01-25,inner_train,344
2025-01-25,inner_train,345
2025-01-25,inner_train,357
2025-01-25,inner_train,358
2025-01-25,inner_train,349
2025-01-25,inner_train,339
2025-01-25,inner_train,351
2025-01-25,inner_train,334
2025-01-25,inner_train,332
2025-01-25,inner_train,331
2025-01-25,inner_train,335
2025-01-25,inner_train,328
2025-01-25,inner_train,329
2025-01-25,inner_train,330
2025-01-25,inner_train,393
2025-01-25,inner_train,379
2025-01-25,inner_train,371
2025-01-25,inner_train,400
2025-01-25,inner_train,401
2025-01-25,inner_train,372
2025-01-25,inner_train,402
2025-01-25,inner_train,395
2025-01-25,inner_train,373
2025-01-25,inner_train,398
2025-01-25,inner_train,396
2025-01-25,inner_train,374
2025-01-25,inner_train,404
2025-01-25,inner_train,403
2025-01-25,inner_train,390
2025-01-25,inner_train,399
2025-01-25,inner_train,375
2025-01-25,inner_train,394
2025-01-25,inner_train,397
2025-01-25,inner_train,376
2025-01-25,inner_train,377
2025-01-25,inner_train,378
2025-01-25,inner_train,386
2025-01-25,inner_train,387
2025-01-25,inner_train,385
2025-01-25,inner_train,382
2025-01-25,inner_train,369
2025-01-25,inner_train,370
2025-01-25,inner_train,383
2025-01-25,inner_train,384
2025-01-25,inner_train,392
2025-01-25,inner_train,388
2025-01-25,inner_train,380
2025-01-25,inner_train,391
2025-01-25,inner_train,381
2025-01-25,inner_train,389
2025-01-25,inner_train,415
2025-01-25,inner_train,416
2025-01-25,inner_train,406
2025-01-25,inner_train,418
2025-01-25,inner_train,413
2025-01-25,inner_train,407
2025-01-25,inner_train,419
2025-01-25,inner_train,429
2025-01-25,inner_train,431
2025-01-25,inner_train,432
2025-01-25,inner_train,417
2025-01-25,inner_train,420
2025-01-25,inner_train,433
2025-01-25,inner_train,414
2025-01-25,inner_train,405
2025-01-25,inner_train,411
2025-01-25,inner_train,430
2025-01-25,inner_train,408
2025-01-25,inner_train,427
2025-01-25,inner_train,422
2025-01-25,inner_train,423
2025-01-25,inner_train,410
2025-01-25,inner_train,409
2025-01-25,inner_train,426
2025-01-25,inner_train,412
2025-01-25,inner_train,421
2025-01-25,inner_train,424
2025-01-25,inner_train,425
2025-01-25,inner_train,428
2025-01-25,inner_train,451
2025-01-25,inner_train,470
2025-01-25,inner_train,452
2025-01-25,inner_train,463
2025-01-25,inner_train,466
2025-01-25,inner_train,441
2025-01-25,inner_train,456
2025-01-25,inner_train,450
2025-01-25,inner_train,453
2025-01-25,inner_train,442
2025-01-25,inner_train,449
2025-01-25,inner_train,448
2025-01-25,inner_train,434
2025-01-25,inner_train,435
2025-01-25,inner_train,447
2025-01-25,inner_train,443
2025-01-25,inner_train,445
2025-01-25,inner_train,444
2025-01-25,inner_train,457
2025-01-25,inner_train,458
2025-01-25,inner_train,438
2025-01-25,inner_train,436
2025-01-25,inner_train,460
2025-01-25,inner_train,461
2025-01-25,inner_train,446
2025-01-25,inner_train,467
2025-01-25,inner_train,468
2025-01-25,inner_train,462
2025-01-25,inner_train,454
2025-01-25,inner_train,455
2025-01-25,inner_train,439
2025-01-25,inner_train,440
2025-01-25,inner_train,437
2025-01-25,inner_train,469
2025-01-25,inner_train,464
2025-01-25,inner_train,465
2025-01-25,inner_train,476
2025-01-25,inner_train,477
2025-01-25,inner_train,502
2025-01-25,inner_train,503
2025-01-25,inner_train,478
2025-01-25,inner_train,472
2025-01-25,inner_train,498
2025-01-25,inner_train,497
2025-01-25,inner_train,473
2025-01-25,inner_train,507
2025-01-25,inner_train,508
2025-01-25,inner_train,479
2025-01-25,inner_train,474
2025-01-25,inner_train,480
2025-01-25,inner_train,494
2025-01-25,inner_train,484
2025-01-25,inner_train,485
2025-01-25,inner_train,495
2025-01-25,inner_train,475
2025-01-25,inner_train,500
2025-01-25,inner_train,481
2025-01-25,inner_train,487
2025-01-25,inner_train,492
2025-01-25,inner_train,493
2025-01-25,inner_train,501
2025-01-25,inner_train,499
2025-01-25,inner_train,509
2025-01-25,inner_train,496
2025-01-25,inner_train,486
2025-01-25,inner_train,505
2025-01-25,inner_train,482
2025-01-25,inner_train,490
2025-01-25,inner_train,489
2025-01-25,inner_train,488
2025-01-25,inner_train,528
2025-01-25,inner_val,558
2025-01-25,inner_val,574
2025-01-25,inner_val,575
2025-01-25,inner_val,583
2025-01-25,inner_val,597
2025-01-25,inner_val,584
2025-01-25,inner_val,585
2025-01-25,inner_val,590
2025-01-25,inner_val,591
2025-01-25,inner_val,592
2025-01-25,inner_val,579
2025-01-25,inner_val,580
2025-01-25,inner_val,576
2025-01-25,inner_val,577
2025-01-25,inner_val,601
2025-01-25,inner_val,593
2025-01-25,inner_val,594
2025-01-25,inner_val,569
2025-01-25,inner_val,596
2025-01-25,inner_val,595
2025-01-25,inner_val,602
2025-01-25,inner_val,581
2025-01-25,inner_val,582
2025-01-25,inner_val,603
2025-01-25,inner_val,604
2025-01-25,inner_val,605
2025-01-25,inner_val,571
2025-01-25,inner_val,570
2025-01-25,inner_val,567
2025-01-25,inner_val,568
2025-01-25,inner_val,572
2025-01-25,inner_val,589
2025-01-25,inner_val,598
2025-01-25,inner_val,599
2025-01-25,inner_val,600
2025-01-25,inner_val,573
2025-01-25,inner_val,609
2025-01-25,inner_val,610
2025-01-25,inner_val,618
2025-01-25,inner_val,606
2025-01-25,inner_val,622
2025-01-25,inner_val,623
2025-01-25,inner_val,611
2025-01-25,inner_val,619
2025-01-25,inner_val,627
2025-01-25,inner_val,628
2025-01-25,inner_val,615
2025-01-25,inner_val,624
2025-01-25,inner_val,612
2025-01-25,inner_val,613
2025-01-25,inner_val,614
2025-01-25,inner_val,629
2025-01-25,inner_val,631
2025-01-25,inner_val,617
2025-01-25,inner_val,625
2025-01-25,inner_val,637
2025-01-25,inner_val,632
2025-01-25,inner_val,616
2025-01-25,inner_val,626
2025-01-25,inner_val,638
2025-01-25,inner_val,633
2025-01-25,inner_val,608
2025-01-25,inner_val,607
2025-01-25,inner_val,641
2025-01-25,inner_val,620
2025-01-25,inner_val,636
2025-01-25,inner_val,634
2025-01-25,inner_val,630
2025-01-25,inner_val,621
2025-01-25,inner_val,635
2025-01-25,inner_val,639
2025-01-25,inner_val,640
2025-01-25,inner_val,673
2025-01-25,inner_val,674
2025-01-25,inner_val,654
2025-01-25,inner_val,675
2025-01-25,inner_val,656
2025-01-25,inner_val,657
2025-01-25,inner_val,661
2025-01-25,inner_val,671
2025-01-25,inner_val,648
2025-01-25,inner_val,672
2025-01-25,inner_val,653
2025-01-25,inner_val,667
2025-01-25,inner_val,642
2025-01-25,inner_val,650
2025-01-25,inner_val,646
2025-01-25,inner_val,647
2025-01-25,inner_val,662
2025-01-25,inner_val,643
2025-01-25,inner_val,670
2025-01-25,inner_val,669
2025-01-25,inner_val,663
2025-01-25,inner_val,659
2025-01-25,inner_val,668
2025-01-25,inner_val,658
2025-01-25,inner_val,649
2025-01-25,inner_val,676
2025-01-25,inner_val,664
2025-01-25,inner_val,666
2025-01-25,inner_val,665
2025-01-25,inner_val,660
2025-01-25,inner_val,651
2025-01-25,inner_val,706
2025-01-25,inner_val,652
2025-01-25,inner_val,677
2025-01-25,inner_val,655
2025-01-25,inner_val,644
2025-01-25,inner_val,714
2025-01-25,inner_val,645
2025-01-25,inner_val,682
2025-01-25,inner_val,681
2025-01-25,inner_val,689
2025-01-25,inner_val,696
2025-01-25,inner_val,695
2025-01-25,inner_val,690
2025-01-25,inner_val,691
2025-01-25,inner_val,713
2025-01-25,inner_val,683
2025-01-25,inner_val,684
2025-01-25,inner_val,700
2025-01-25,inner_val,688
2025-01-25,inner_val,702
2025-01-25,inner_val,703
2025-01-25,inner_val,705
2025-01-25,inner_val,686
2025-01-25,inner_val,687
2025-01-25,inner_val,704
2025-01-25,inner_val,693
2025-01-25,inner_val,678
2025-01-25,inner_val,694
2025-01-25,inner_val,685
2025-01-25,inner_val,701
2025-01-25,inner_val,699
2025-01-25,inner_val,679
2025-01-25,inner_val,707
2025-01-25,inner_val,708
2025-01-25,inner_val,698
2025-01-25,inner_val,680
2025-01-25,inner_val,709
2025-01-25,inner_val,732
2025-01-25,val,747
2025-01-25,val,798
2025-01-25,val,799
2025-01-25,val,792
2025-01-25,val,793
2025-01-25,val,804
2025-01-25,val,794
2025-01-25,val,795
2025-01-25,val,786
2025-01-25,val,775
2025-01-25,val,785
2025-01-25,val,787
2025-01-25,val,774
2025-01-25,val,777
2025-01-25,val,776
2025-01-25,val,769
2025-01-25,val,771
2025-01-25,val,780
2025-01-25,val,772
2025-01-25,val,781
2025-01-25,val,783
2025-01-25,val,770
2025-01-25,val,778
2025-01-25,val,800
2025-01-25,val,782
2025-01-25,val,796
2025-01-25,val,779
2025-01-25,val,797
2025-01-25,val,809
2025-01-25,val,805
2025-01-25,val,826
2025-01-25,val,806
2025-01-25,val,807
2025-01-25,val,827
2025-01-25,val,835
2025-01-25,val,820
2025-01-25,val,831
2025-01-25,val,825
2025-01-25,val,833
2025-01-25,val,834
2025-01-25,val,832
2025-01-25,val,823
2025-01-25,val,821
2025-01-25,val,828
2025-01-25,val,824
2025-01-25,val,830
2025-01-25,val,814
2025-01-25,val,811
2025-01-25,val,812
2025-01-25,val,818
2025-01-25,val,816
2025-01-25,val,819
2025-01-25,val,813
2025-01-25,val,810
2025-01-25,val,836
2025-01-25,val,815
2025-01-25,val,853
2025-01-25,val,847
2025-01-25,val,846
2025-01-25,val,845
2025-01-25,val,844
2025-01-25,val,857
2025-01-25,val,840
2025-01-25,val,850
2025-01-25,val,851
2025-01-25,val,852
2025-01-25,val,841
2025-01-25,val,842
2025-01-25,val,865
2025-01-25,val,866
2025-01-25,val,858
2025-01-25,val,860
2025-01-25,val,867
2025-01-25,val,849
2025-01-25,val,854
2025-01-25,val,863
2025-01-25,val,859
2025-01-25,val,861
2025-01-25,val,855
2025-01-25,val,839
2025-01-25,val,864
2025-01-25,val,862
2025-01-25,val,837
2025-01-25,val,856
2025-01-25,val,843
2025-01-25,val,838
2025-01-25,val,848
2025-01-25,val,872
2025-01-25,val,868
2025-01-25,val,892
2025-01-25,val,891
2025-01-25,val,893
2025-01-25,val,877
2025-01-25,val,878
2025-01-25,val,888
2025-01-25,val,887
2025-01-25,val,889
2025-01-25,val,890
2025-01-25,val,884
2025-01-25,val,879
2025-01-25,val,873
2025-01-25,val,869
2025-01-25,val,883
2025-01-25,val,870
2025-01-25,val,896
2025-01-25,val,897
2025-01-25,val,898
2025-01-25,val,894
2025-01-25,val,874
2025-01-25,val,875
2025-01-25,val,876
2025-01-25,val,886
2025-01-25,val,885
2025-01-25,val,895
2025-01-25,val,880
2025-01-25,val,881
2025-01-25,val,882
2025-01-25,val,871
2025-01-25,val,918
2025-01-25,val,930
2025-01-25,val,931
2025-01-25,val,906
2025-01-25,val,914
2025-01-25,val,913
2025-01-25,val,902
2025-01-25,val,929
2025-01-25,val,919
2025-01-25,val,915
2025-01-25,val,916
2025-01-25,val,908
2025-01-25,val,928
2025-01-25,val,926
2025-01-25,val,927
2025-01-25,val,909
2025-01-25,val,910
2025-01-25,val,903
2025-01-25,val,907
2025-01-25,val,921
2025-01-25,val,920
2025-01-25,val,900
2025-01-25,val,917
2025-01-25,val,923
2025-01-25,val,899
2025-01-25,val,911
2025-01-25,val,901
2025-01-25,val,922
2025-01-25,val,924
2025-01-25,val,925
2025-01-25,val,959
2025-01-25,val,958
2025-01-25,val,966
2025-02-01,train,115
2025-02-01,train,114
2025-02-01,train,51
2025-02-01,train,57
2025-02-01,train,83
2025-02-01,train,90
2025-02-01,train,127
2025-02-01,train,82
2025-02-01,train,88
2025-02-01,train,63
2025-02-01,train,77
2025-02-01,train,64
2025-02-01,train,74
2025-02-01,train,84
2025-02-01,train,65
2025-02-01,train,49
2025-02-01,train,52
2025-02-01,train,72
2025-02-01,train,48
2025-02-01,train,50
2025-02-01,train,73
2025-02-01,train,53
2025-02-01,train,95
2025-02-01,train,68
2025-02-01,train,67
2025-02-01,train,97
2025-02-01,train,107
2025-02-01,train,70
2025-02-01,train,69
2025-02-01,train,96
2025-02-01,train,71
2025-02-01,train,75
2025-02-01,train,103
2025-02-01,train,76
2025-02-01,train,119
2025-02-01,train,101
2025-02-01,train,120
2025-02-01,train,100
2025-02-01,train,93
2025-02-01,train,108
2025-02-01,train,102
2025-02-01,train,121
2025-02-01,train,122
2025-02-01,train,116
2025-02-01,train,117
2025-02-01,train,80
2025-02-01,train,81
2025-02-01,train,54
2025-02-01,train,109
2025-02-01,train,59
2025-02-01,train,118
2025-02-01,train,104
2025-02-01,train,66
2025-02-01,train,105
2025-02-01,train,61
2025-02-01,train,106
2025-02-01,train,62
2025-02-01,train,55
2025-02-01,train,98
2025-02-01,train,56
2025-02-01,train,60
2025-02-01,train,99
2025-02-01,train,94
2025-02-01,train,111
2025-02-01,train,92
2025-02-01,train,85
2025-02-01,train,124
2025-02-01,train,91
2025-02-01,train,123
2025-02-01,train,86
2025-02-01,train,166
2025-02-01,train,125
2025-02-01,train,133
2025-02-01,train,159
2025-02-01,train,150
2025-02-01,train,163
2025-02-01,train,162
2025-02-01,train,134
2025-02-01,train,164
2025-02-01,train,149
2025-02-01,train,165
2025-02-01,train,144
2025-02-01,train,145
2025-02-01,train,158
2025-02-01,train,160
2025-02-01,train,151
2025-02-01,train,152
2025-02-01,train,128
2025-02-01,train,147
2025-02-01,train,135
2025-02-01,train,130
2025-02-01,train,129
2025-02-01,train,155
2025-02-01,train,143
2025-02-01,train,131
2025-02-01,train,161
2025-02-01,train,154
2025-02-01,train,142
2025-02-01,train,132
2025-02-01,train,141
2025-02-01,train,156
2025-02-01,train,157
2025-02-01,train,153
2025-02-01,train,140
2025-02-01,train,138
2025-02-01,train,136
2025-02-01,train,137
2025-02-01,train,146
2025-02-01,train,139
2025-02-01,train,148
2025-02-01,train,175
2025-02-01,train,189
2025-02-01,train,176
2025-02-01,train,174
2025-02-01,train,193
2025-02-01,train,172
2025-02-01,train,168
2025-02-01,train,182
2025-02-01,train,181
2025-02-01,train,171
2025-02-01,train,170
2025-02-01,train,169
2025-02-01,train,183
2025-02-01,train,178
2025-02-01,train,167
2025-02-01,train,184
2025-02-01,train,177
2025-02-01,train,186
2025-02-01,train,173
2025-02-01,train,180
2025-02-01,train,191
2025-02-01,train,190
2025-02-01,train,188
2025-02-01,train,192
2025-02-01,train,187
2025-02-01,train,185
2025-02-01,train,179
2025-02-01,train,221
2025-02-01,train,202
2025-02-01,train,203
2025-02-01,train,217
2025-02-01,train,218
2025-02-01,train,204
2025-02-01,train,205
2025-02-01,train,206
2025-02-01,train,227
2025-02-01,train,229
2025-02-01,train,228
2025-02-01,train,215
2025-02-01,train,222
2025-02-01,train,197
2025-02-01,train,219
2025-02-01,train,220
2025-02-01,train,231
2025-02-01,train,212
2025-02-01,train,230
2025-02-01,train,213
2025-02-01,train,208
2025-02-01,train,216
2025-02-01,train,214
2025-02-01,train,207
2025-02-01,train,194
2025-02-01,train,201
2025-02-01,train,209
2025-02-01,train,195
2025-02-01,train,196
2025-02-01,train,211
2025-02-01,train,224
2025-02-01,train,226
2025-02-01,train,210
2025-02-01,train,223
2025-02-01,train,200
2025-02-01,train,198
2025-02-01,train,225
2025-02-01,train,199
2025-02-01,train,246
2025-02-01,train,251
2025-02-01,train,257
2025-02-01,train,262
2025-02-01,train,245
2025-02-01,train,265
2025-02-01,train,258
2025-02-01,train,248
2025-02-01,train,253
2025-02-01,train,266
2025-02-01,train,269
2025-02-01,train,247
2025-02-01,train,235
2025-02-01,train,255
2025-02-01,train,256
2025-02-01,train,254
2025-02-01,train,267
2025-02-01,train,268
2025-02-01,train,239
2025-02-01,train,236
2025-02-01,train,234
2025-02-01,train,249
2025-02-01,train,238
2025-02-01,train,243
2025-02-01,train,259
2025-02-01,train,261
2025-02-01,train,260
2025-02-01,train,250
2025-02-01,train,244
2025-02-01,train,240
2025-02-01,train,241
2025-02-01,train,242
2025-02-01,train,263
2025-02-01,train,232
2025-02-01,train,233
2025-02-01,train,264
2025-02-01,train,237
2025-02-01,train,252
2025-02-01,train,281
2025-02-01,train,282
2025-02-01,train,320
2025-02-01,train,293
2025-02-01,train,321
2025-02-01,train,322
2025-02-01,train,323
2025-02-01,train,304
2025-02-01,train,310
2025-02-01,train,294
2025-02-01,train,319
2025-02-01,train,324
2025-02-01,train,302
2025-02-01,train,308
2025-02-01,train,295
2025-02-01,train,300
2025-02-01,train,311
2025-02-01,train,280
2025-02-01,train,301
2025-02-01,train,316
2025-02-01,train,296
2025-02-01,train,317
2025-02-01,train,303
2025-02-01,train,318
2025-02-01,train,306
2025-02-01,train,297
2025-02-01,train,305
2025-02-01,train,307
2025-02-01,train,275
2025-02-01,train,312
2025-02-01,train,271
2025-02-01,train,279
2025-02-01,train,287
2025-02-01,train,299
2025-02-01,train,298
2025-02-01,train,276
2025-02-01,train,277
2025-02-01,train,270
2025-02-01,train,286
2025-02-01,train,288
2025-02-01,train,283
2025-02-01,train,284
2025-02-01,train,314
2025-02-01,train,272
2025-02-01,train,290
2025-02-01,train,278
2025-02-01,train,313
2025-02-01,train,285
2025-02-01,train,315
2025-02-01,train,291
2025-02-01,train,292
2025-02-01,train,273
2025-02-01,train,274
2025-02-01,train,309
2025-02-01,train,365
2025-02-01,train,343
2025-02-01,train,352
2025-02-01,train,359
2025-02-01,train,325
2025-02-01,train,360
2025-02-01,train,363
2025-02-01,train,364
2025-02-01,train,340
2025-02-01,train,327
2025-02-01,train,326
2025-02-01,train,355
2025-02-01,train,356
2025-02-01,train,336
2025-02-01,train,362
2025-02-01,train,361
2025-02-01,train,353
2025-02-01,train,354
2025-02-01,train,338
2025-02-01,train,333
2025-02-01,train,347
2025-02-01,train,346
2025-02-01,train,337
2025-02-01,train,366
2025-02-01,train,367
2025-02-01,train,368
2025-02-01,train,350
2025-02-01,train,341
2025-02-01,train,342
2025-02-01,train,348
2025-02-01,train,344
2025-02-01,train,345
2025-02-01,train,357
2025-02-01,train,358
2025-02-01,train,349
2025-02-01,train,339
2025-02-01,train,351
2025-02-01,train,334
2025-02-01,train,332
2025-02-01,train,331
2025-02-01,train,335
2025-02-01,train,328
2025-02-01,train,329
2025-02-01,train,330
2025-02-01,train,393
2025-02-01,train,379
2025-02-01,train,371
2025-02-01,train,400
2025-02-01,train,401
2025-02-01,train,372
2025-02-01,train,402
2025-02-01,train,395
2025-02-01,train,373
2025-02-01,train,398
2025-02-01,train,396
2025-02-01,train,374
2025-02-01,train,404
2025-02-01,train,403
2025-02-01,train,390
2025-02-01,train,399
2025-02-01,train,375
2025-02-01,train,394
2025-02-01,train,397
2025-02-01,train,376
2025-02-01,train,377
2025-02-01,train,378
2025-02-01,train,386
2025-02-01,train,387
2025-02-01,train,385
2025-02-01,train,382
2025-02-01,train,369
2025-02-01,train,370
2025-02-01,train,383
2025-02-01,train,384
2025-02-01,train,392
2025-02-01,train,388
2025-02-01,train,380
2025-02-01,train,391
2025-02-01,train,381
2025-02-01,train,389
2025-02-01,train,415
2025-02-01,train,416
2025-02-01,train,406
2025-02-01,train,418
2025-02-01,train,413
2025-02-01,train,407
2025-02-01,train,419
2025-02-01,train,429
2025-02-01,train,431
2025-02-01,train,432
2025-02-01,train,417
2025-02-01,train,420
2025-02-01,train,433
2025-02-01,train,414
2025-02-01,train,405
2025-02-01,train,411
2025-02-01,train,430
2025-02-01,train,408
2025-02-01,train,427
2025-02-01,train,422
2025-02-01,train,423
2025-02-01,train,410
2025-02-01,train,409
2025-02-01,train,426
2025-02-01,train,412
2025-02-01,train,421
2025-02-01,train,424
2025-02-01,train,425
2025-02-01,train,428
2025-02-01,train,451
2025-02-01,train,470
2025-02-01,train,452
2025-02-01,train,463
2025-02-01,train,466
2025-02-01,train,441
2025-02-01,train,456
2025-02-01,train,450
2025-02-01,train,453
2025-02-01,train,442
2025-02-01,train,449
2025-02-01,train,448
2025-02-01,train,434
2025-02-01,train,435
2025-02-01,train,447
2025-02-01,train,443
2025-02-01,train,445
2025-02-01,train,444
2025-02-01,train,457
2025-02-01,train,458
2025-02-01,train,438
2025-02-01,train,436
2025-02-01,train,460
2025-02-01,train,461
2025-02-01,train,446
2025-02-01,train,467
2025-02-01,train,468
2025-02-01,train,462
2025-02-01,train,454
2025-02-01,train,455
2025-02-01,train,439
2025-02-01,train,440
2025-02-01,train,437
2025-02-01,train,469
2025-02-01,train,464
2025-02-01,train,465
2025-02-01,train,476
2025-02-01,train,477
2025-02-01,train,502
2025-02-01,train,503
2025-02-01,train,478
2025-02-01,train,472
2025-02-01,train,498
2025-02-01,train,497
2025-02-01,train,473
2025-02-01,train,507
2025-02-01,train,508
2025-02-01,train,479
2025-02-01,train,474
2025-02-01,train,480
2025-02-01,train,494
2025-02-01,train,484
2025-02-01,train,485
2025-02-01,train,495
2025-02-01,train,475
2025-02-01,train,500
2025-02-01,train,481
2025-02-01,train,487
2025-02-01,train,492
2025-02-01,train,493
2025-02-01,train,501
2025-02-01,train,499
2025-02-01,train,509
2025-02-01,train,496
2025-02-01,train,471
2025-02-01,train,486
2025-02-01,train,505
2025-02-01,train,482
2025-02-01,train,483
2025-02-01,train,490
2025-02-01,train,506
2025-02-01,train,489
2025-02-01,train,488
2025-02-01,train,525
2025-02-01,train,514
2025-02-01,train,528
2025-02-01,train,511
2025-02-01,train,510
2025-02-01,train,531
2025-02-01,train,526
2025-02-01,train,536
2025-02-01,train,530
2025-02-01,train,534
2025-02-01,train,524
2025-02-01,train,527
2025-02-01,train,521
2025-02-01,train,532
2025-02-01,train,518
2025-02-01,train,519
2025-02-01,train,513
2025-02-01,train,512
2025-02-01,train,533
2025-02-01,train,523
2025-02-01,train,535
2025-02-01,train,522
2025-02-01,train,516
2025-02-01,train,520
2025-02-01,train,515
2025-02-01,train,517
2025-02-01,train,529
2025-02-01,train,546
2025-02-01,train,548
2025-02-01,train,547
2025-02-01,train,549
2025-02-01,train,552
2025-02-01,train,537
2025-02-01,train,538
2025-02-01,train,540
2025-02-01,train,543
2025-02-01,train,545
2025-02-01,train,544
2025-02-01,train,560
2025-02-01,train,561
2025-02-01,train,562
2025-02-01,train,563
2025-02-01,train,557
2025-02-01,train,559
2025-02-01,train,550
2025-02-01,train,554
2025-02-01,train,556
2025-02-01,train,553
2025-02-01,train,555
2025-02-01,train,541
2025-02-01,train,542
2025-02-01,train,551
2025-02-01,train,539
2025-02-01,train,558
2025-02-01,train,574
2025-02-01,train,575
2025-02-01,train,583
2025-02-01,train,586
2025-02-01,train,587
2025-02-01,train,597
2025-02-01,train,584
2025-02-01,train,585
2025-02-01,train,590
2025-02-01,train,588
2025-02-01,train,591
2025-02-01,train,592
2025-02-01,train,564
2025-02-01,train,579
2025-02-01,train,580
2025-02-01,train,578
2025-02-01,train,576
2025-02-01,train,577
2025-02-01,train,601
2025-02-01,train,593
2025-02-01,train,566
2025-02-01,train,565
2025-02-01,train,594
2025-02-01,train,569
2025-02-01,train,596
2025-02-01,train,595
2025-02-01,train,602
2025-02-01,train,581
2025-02-01,train,582
2025-02-01,train,603
2025-02-01,train,604
2025-02-01,train,605
2025-02-01,train,571
2025-02-01,train,570
2025-02-01,train,567
2025-02-01,train,568
2025-02-01,train,572
2025-02-01,train,589
2025-02-01,train,598
2025-02-01,train,599
2025-02-01,train,600
2025-02-01,train,573
2025-02-01,train,609
2025-02-01,train,610
2025-02-01,train,618
2025-02-01,train,606
2025-02-01,train,622
2025-02-01,train,623
2025-02-01,train,611
2025-02-01,train,619
2025-02-01,train,627
2025-02-01,train,628
2025-02-01,train,615
2025-02-01,train,624
2025-02-01,train,612
2025-02-01,train,613
2025-02-01,train,614
2025-02-01,train,629
2025-02-01,train,631
2025-02-01,train,617
2025-02-01,train,625
2025-02-01,train,637
2025-02-01,train,632
2025-02-01,train,616
2025-02-01,train,626
2025-02-01,train,638
2025-02-01,train,633
2025-02-01,train,608
2025-02-01,train,607
2025-02-01,train,641
2025-02-01,train,620
2025-02-01,train,636
2025-02-01,train,634
2025-02-01,train,630
2025-02-01,train,621
2025-02-01,train,635
2025-02-01,train,639
2025-02-01,train,640
2025-02-01,train,673
2025-02-01,train,674
2025-02-01,train,654
2025-02-01,train,675
2025-02-01,train,656
2025-02-01,train,657
2025-02-01,train,661
2025-02-01,train,671
2025-02-01,train,648
2025-02-01,train,672
2025-02-01,train,653
2025-02-01,train,667
2025-02-01,train,642
2025-02-01,train,650
2025-02-01,train,646
2025-02-01,train,647
2025-02-01,train,662
2025-02-01,train,643
2025-02-01,train,670
2025-02-01,train,669
2025-02-01,train,663
2025-02-01,train,659
2025-02-01,train,668
2025-02-01,train,658
2025-02-01,train,649
2025-02-01,train,676
2025-02-01,train,664
2025-02-01,train,666
2025-02-01,train,665
2025-02-01,train,660
2025-02-01,train,651
2025-02-01,train,706
2025-02-01,train,652
2025-02-01,train,677
2025-02-01,train,655
2025-02-01,train,644
2025-02-01,train,714
2025-02-01,train,645
2025-02-01,train,682
2025-02-01,train,681
2025-02-01,train,689
2025-02-01,train,696
2025-02-01,train,695
2025-02-01,train,690
2025-02-01,train,691
2025-02-01,train,713
2025-02-01,train,683
2025-02-01,train,684
2025-02-01,train,700
2025-02-01,train,688
2025-02-01,train,702
2025-02-01,train,703
2025-02-01,train,705
2025-02-01,train,686
2025-02-01,train,687
2025-02-01,train,704
2025-02-01,train,693
2025-02-01,train,678
2025-02-01,train,694
2025-02-01,train,685
2025-02-01,train,701
2025-02-01,train,699
2025-02-01,train,679
2025-02-01,train,707
2025-02-01,train,708
2025-02-01,train,698
2025-02-01,train,680
2025-02-01,train,709
2025-02-01,train,712
2025-02-01,train,710
2025-02-01,train,697
2025-02-01,train,692
2025-02-01,train,711
2025-02-01,train,741
2025-02-01,train,732
2025-02-01,train,733
2025-02-01,train,766
2025-02-01,train,742
2025-02-01,train,728
2025-02-01,train,724
2025-02-01,train,718
2025-02-01,train,765
2025-02-01,train,740
2025-02-01,train,743
2025-02-01,train,727
2025-02-01,train,748
2025-02-01,train,729
2025-02-01,train,725
2025-02-01,train,744
2025-02-01,train,763
2025-02-01,train,762
2025-02-01,train,753
2025-02-01,train,726
2025-02-01,train,721
2025-02-01,train,730
2025-02-01,train,755
2025-02-01,train,764
2025-02-01,train,749
2025-02-01,train,750
2025-02-01,train,754
2025-02-01,train,722
2025-02-01,train,723
2025-02-01,train,719
2025-02-01,train,751
2025-02-01,train,752
2025-02-01,train,731
2025-02-01,train,720
2025-02-01,train,735
2025-02-01,train,715
2025-02-01,train,716
2025-02-01,train,758
2025-02-01,train,761
2025-02-01,train,736
2025-02-01,train,738
2025-02-01,train,737
2025-02-01,train,756
2025-02-01,train,759
2025-02-01,train,760
2025-02-01,train,746
2025-02-01,train,739
2025-02-01,train,717
2025-02-01,train,757
2025-02-01,train,745
2025-02-01,train,734
2025-02-01,train,747
2025-02-01,train,801
2025-02-01,train,798
2025-02-01,train,802
2025-02-01,train,799
2025-02-01,train,803
2025-02-01,train,788
2025-02-01,train,792
2025-02-01,train,793
2025-02-01,train,804
2025-02-01,train,794
2025-02-01,train,795
2025-02-01,train,790
2025-02-01,train,786
2025-02-01,train,775
2025-02-01,train,785
2025-02-01,train,787
2025-02-01,train,774
2025-02-01,train,789
2025-02-01,train,777
2025-02-01,train,776
2025-02-01,train,773
2025-02-01,train,769
2025-02-01,train,771
2025-02-01,train,780
2025-02-01,train,784
2025-02-01,train,772
2025-02-01,train,781
2025-02-01,train,783
2025-02-01,train,791
2025-02-01,train,770
2025-02-01,train,778
2025-02-01,train,800
2025-02-01,train,782
2025-02-01,train,767
2025-02-01,train,796
2025-02-01,train,779
2025-02-01,train,797
2025-02-01,train,809
2025-02-01,train,817
2025-02-01,train,805
2025-02-01,train,826
2025-02-01,train,806
2025-02-01,train,808
2025-02-01,train,807
2025-02-01,train,827
2025-02-01,train,822
2025-02-01,train,835
2025-02-01,train,820
2025-02-01,train,831
2025-02-01,train,825
2025-02-01,train,833
2025-02-01,train,834
2025-02-01,train,832
2025-02-01,train,823
2025-02-01,train,821
2025-02-01,train,828
2025-02-01,train,824
2025-02-01,train,830
2025-02-01,train,814
2025-02-01,train,811
2025-02-01,train,812
2025-02-01,train,818
2025-02-01,train,816
2025-02-01,train,819
2025-02-01,train,813
2025-02-01,train,810
2025-02-01,train,836
2025-02-01,train,815
2025-02-01,train,853
2025-02-01,train,847
2025-02-01,train,846
2025-02-01,train,845
2025-02-01,train,844
2025-02-01,train,857
2025-02-01,train,840
2025-02-01,train,850
2025-02-01,train,851
2025-02-01,train,852
2025-02-01,train,841
2025-02-01,train,842
2025-02-01,train,865
2025-02-01,train,866
2025-02-01,train,858
2025-02-01,train,860
2025-02-01,train,867
2025-02-01,train,849
2025-02-01,train,854
2025-02-01,train,863
2025-02-01,train,859
2025-02-01,train,861
2025-02-01,train,855
2025-02-01,train,839
2025-02-01,train,864
2025-02-01,train,862
2025-02-01,train,837
2025-02-01,train,856
2025-02-01,train,843
2025-02-01,train,838
2025-02-01,train,848
2025-02-01,train,872
2025-02-01,train,868
2025-02-01,train,892
2025-02-01,train,891
2025-02-01,train,893
2025-02-01,train,877
2025-02-01,train,878
2025-02-01,train,888
2025-02-01,train,887
2025-02-01,train,889
2025-02-01,train,890
2025-02-01,train,884
2025-02-01,train,879
2025-02-01,train,873
2025-02-01,train,869
2025-02-01,train,883
2025-02-01,train,870
2025-02-01,train,896
2025-02-01,train,897
2025-02-01,train,898
2025-02-01,train,894
2025-02-01,train,874
2025-02-01,train,875
2025-02-01,train,876
2025-02-01,train,886
2025-02-01,train,885
2025-02-01,train,895
2025-02-01,train,880
2025-02-01,train,881
2025-02-01,train,882
2025-02-01,train,871
2025-02-01,train,918
2025-02-01,train,930
2025-02-01,train,931
2025-02-01,train,906
2025-02-01,train,914
2025-02-01,train,913
2025-02-01,train,902
2025-02-01,train,929
2025-02-01,train,919
2025-02-01,train,915
2025-02-01,train,916
2025-02-01,train,908
2025-02-01,train,928
2025-02-01,train,926
2025-02-01,train,927
2025-02-01,train,909
2025-02-01,train,910
2025-02-01,train,903
2025-02-01,train,907
2025-02-01,train,921
2025-02-01,train,920
2025-02-01,train,900
2025-02-01,train,917
2025-02-01,train,923
2025-02-01,train,899
2025-02-01,train,911
2025-02-01,train,901
2025-02-01,train,922
2025-02-01,train,924
2025-02-01,train,925
2025-02-01,train,959
2025-02-01,train,958
2025-02-01,train,966
2025-02-01,inner_train,115
2025-02-01,inner_train,114
2025-02-01,inner_train,51
2025-02-01,inner_train,57
2025-02-01,inner_train,83
2025-02-01,inner_train,90
2025-02-01,inner_train,127
2025-02-01,inner_train,82
2025-02-01,inner_train,88
2025-02-01,inner_train,63
2025-02-01,inner_train,77
2025-02-01,inner_train,64
2025-02-01,inner_train,74
2025-02-01,inner_train,84
2025-02-01,inner_train,65
2025-02-01,inner_train,49
2025-02-01,inner_train,52
2025-02-01,inner_train,72
2025-02-01,inner_train,48
2025-02-01,inner_train,50
2025-02-01,inner_train,73
2025-02-01,inner_train,53
2025-02-01,inner_train,95
2025-02-01,inner_train,68
2025-02-01,inner_train,67
2025-02-01,inner_train,97
2025-02-01,inner_train,107
2025-02-01,inner_train,70
2025-02-01,inner_train,69
2025-02-01,inner_train,96
2025-02-01,inner_train,71
2025-02-01,inner_train,75
2025-02-01,inner_train,103
2025-02-01,inner_train,76
2025-02-01,inner_train,119
2025-02-01,inner_train,101
2025-02-01,inner_train,120
2025-02-01,inner_train,100
2025-02-01,inner_train,93
2025-02-01,inner_train,108
2025-02-01,inner_train,102
2025-02-01,inner_train,121
2025-02-01,inner_train,122
2025-02-01,inner_train,116
2025-02-01,inner_train,117
2025-02-01,inner_train,80
2025-02-01,inner_train,81
2025-02-01,inner_train,54
2025-02-01,inner_train,109
2025-02-01,inner_train,59
2025-02-01,inner_train,118
2025-02-01,inner_train,104
2025-02-01,inner_train,66
2025-02-01,inner_train,105
2025-02-01,inner_train,61
2025-02-01,inner_train,106
2025-02-01,inner_train,62
2025-02-01,inner_train,55
2025-02-01,inner_train,98
2025-02-01,inner_train,56
2025-02-01,inner_train,60
2025-02-01,inner_train,99
2025-02-01,inner_train,94
2025-02-01,inner_train,111
2025-02-01,inner_train,92
2025-02-01,inner_train,85
2025-02-01,inner_train,124
2025-02-01,inner_train,91
2025-02-01,inner_train,123
2025-02-01,inner_train,86
2025-02-01,inner_train,166
2025-02-01,inner_train,125
2025-02-01,inner_train,133
2025-02-01,inner_train,159
2025-02-01,inner_train,150
2025-02-01,inner_train,163
2025-02-01,inner_train,162
2025-02-01,inner_train,134
2025-02-01,inner_train,164
2025-02-01,inner_train,149
2025-02-01,inner_train,165
2025-02-01,inner_train,144
2025-02-01,inner_train,145
2025-02-01,inner_train,158
2025-02-01,inner_train,160
2025-02-01,inner_train,151
2025-02-01,inner_train,152
2025-02-01,inner_train,128
2025-02-01,inner_train,147
2025-02-01,inner_train,135
2025-02-01,inner_train,130
2025-02-01,inner_train,129
2025-02-01,inner_train,155
2025-02-01,inner_train,143
2025-02-01,inner_train,131
2025-02-01,inner_train,161
2025-02-01,inner_train,154
2025-02-01,inner_train,142
2025-02-01,inner_train,132
2025-02-01,inner_train,141
2025-02-01,inner_train,156
2025-02-01,inner_train,157
2025-02-01,inner_train,153
2025-02-01,inner_train,140
2025-02-01,inner_train,138
2025-02-01,inner_train,136
2025-02-01,inner_train,137
2025-02-01,inner_train,146
2025-02-01,inner_train,139
2025-02-01,inner_train,148
2025-02-01,inner_train,175
2025-02-01,inner_train,189
2025-02-01,inner_train,176
2025-02-01,inner_train,174
2025-02-01,inner_train,193
2025-02-01,inner_train,172
2025-02-01,inner_train,168
2025-02-01,inner_train,182
2025-02-01,inner_train,181
2025-02-01,inner_train,171
2025-02-01,inner_train,170
2025-02-01,inner_train,169
2025-02-01,inner_train,183
2025-02-01,inner_train,178
2025-02-01,inner_train,167
2025-02-01,inner_train,184
2025-02-01,inner_train,177
2025-02-01,inner_train,186
2025-02-01,inner_train,173
2025-02-01,inner_train,180
2025-02-01,inner_train,191
2025-02-01,inner_train,190
2025-02-01,inner_train,188
2025-02-01,inner_train,192
2025-02-01,inner_train,187
2025-02-01,inner_train,185
2025-02-01,inner_train,179
2025-02-01,inner_train,221
2025-02-01,inner_train,202
2025-02-01,inner_train,203
2025-02-01,inner_train,217
2025-02-01,inner_train,218
2025-02-01,inner_train,204
2025-02-01,inner_train,205
2025-02-01,inner_train,206
2025-02-01,inner_train,227
2025-02-01,inner_train,229
2025-02-01,inner_train,228
2025-02-01,inner_train,215
2025-02-01,inner_train,222
2025-02-01,inner_train,197
2025-02-01,inner_train,219
2025-02-01,inner_train,220
2025-02-01,inner_train,231
2025-02-01,inner_train,212
2025-02-01,inner_train,230
2025-02-01,inner_train,213
2025-02-01,inner_train,208
2025-02-01,inner_train,216
2025-02-01,inner_train,214
2025-02-01,inner_train,207
2025-02-01,inner_train,194
2025-02-01,inner_train,201
2025-02-01,inner_train,209
2025-02-01,inner_train,195
2025-02-01,inner_train,196
2025-02-01,inner_train,211
2025-02-01,inner_train,224
2025-02-01,inner_train,226
2025-02-01,inner_train,210
2025-02-01,inner_train,223
2025-02-01,inner_train,200
2025-02-01,inner_train,198
2025-02-01,inner_train,225
2025-02-01,inner_train,199
2025-02-01,inner_train,246
2025-02-01,inner_train,251
2025-02-01,inner_train,257
2025-02-01,inner_train,262
2025-02-01,inner_train,245
2025-02-01,inner_train,265
2025-02-01,inner_train,258
2025-02-01,inner_train,248
2025-02-01,inner_train,253
2025-02-01,inner_train,266
2025-02-01,inner_train,269
2025-02-01,inner_train,247
2025-02-01,inner_train,235
2025-02-01,inner_train,255
2025-02-01,inner_train,256
2025-02-01,inner_train,254
2025-02-01,inner_train,267
2025-02-01,inner_train,268
2025-02-01,inner_train,239
2025-02-01,inner_train,236
2025-02-01,inner_train,234
2025-02-01,inner_train,249
2025-02-01,inner_train,238
2025-02-01,inner_train,243
2025-02-01,inner_train,259
2025-02-01,inner_train,261
2025-02-01,inner_train,260
2025-02-01,inner_train,250
2025-02-01,inner_train,244
2025-02-01,inner_train,240
2025-02-01,inner_train,241
2025-02-01,inner_train,242
2025-02-01,inner_train,263
2025-02-01,inner_train,232
2025-02-01,inner_train,233
2025-02-01,inner_train,264
2025-02-01,inner_train,237
2025-02-01,inner_train,252
2025-02-01,inner_train,281
2025-02-01,inner_train,282
2025-02-01,inner_train,320
2025-02-01,inner_train,293
2025-02-01,inner_train,321
2025-02-01,inner_train,322
2025-02-01,inner_train,323
2025-02-01,inner_train,304
2025-02-01,inner_train,310
2025-02-01,inner_train,294
2025-02-01,inner_train,319
2025-02-01,inner_train,324
2025-02-01,inner_train,302
2025-02-01,inner_train,308
2025-02-01,inner_train,295
2025-02-01,inner_train,300
2025-02-01,inner_train,311
2025-02-01,inner_train,280
2025-02-01,inner_train,301
2025-02-01,inner_train,316
2025-02-01,inner_train,296
2025-02-01,inner_train,317
2025-02-01,inner_train,303
2025-02-01,inner_train,318
2025-02-01,inner_train,306
2025-02-01,inner_train,297
2025-02-01,inner_train,305
2025-02-01,inner_train,307
2025-02-01,inner_train,275
2025-02-01,inner_train,312
2025-02-01,inner_train,271
2025-02-01,inner_train,279
2025-02-01,inner_train,287
2025-02-01,inner_train,299
2025-02-01,inner_train,298
2025-02-01,inner_train,276
2025-02-01,inner_train,277
2025-02-01,inner_train,270
2025-02-01,inner_train,286
2025-02-01,inner_train,288
2025-02-01,inner_train,283
2025-02-01,inner_train,284
2025-02-01,inner_train,314
2025-02-01,inner_train,272
2025-02-01,inner_train,290
2025-02-01,inner_train,278
2025-02-01,inner_train,313
2025-02-01,inner_train,285
2025-02-01,inner_train,315
2025-02-01,inner_train,291
2025-02-01,inner_train,292
2025-02-01,inner_train,273
2025-02-01,inner_train,274
2025-02-01,inner_train,309
2025-02-01,inner_train,365
2025-02-01,inner_train,343
2025-02-01,inner_train,352
2025-02-01,inner_train,359
2025-02-01,inner_train,325
2025-02-01,inner_train,360
2025-02-01,inner_train,363
2025-02-01,inner_train,364
2025-02-01,inner_train,340
2025-02-01,inner_train,327
2025-02-01,inner_train,326
2025-02-01,inner_train,355
2025-02-01,inner_train,356
2025-02-01,inner_train,336
2025-02-01,inner_train,362
2025-02-01,inner_train,361
2025-02-01,inner_train,353
2025-02-01,inner_train,354
2025-02-01,inner_train,338
2025-02-01,inner_train,333
2025-02-01,inner_train,347
2025-02-01,inner_train,346
2025-02-01,inner_train,337
2025-02-01,inner_train,366
2025-02-01,inner_train,367
2025-02-01,inner_train,368
2025-02-01,inner_train,350
2025-02-01,inner_train,341
2025-02-01,inner_train,342
2025-02-01,inner_train,348
2025-02-01,inner_train,344
2025-02-01,inner_train,345
2025-02-01,inner_train,357
2025-02-01,inner_train,358
2025-02-01,inner_train,349
2025-02-01,inner_train,339
2025-02-01,inner_train,351
2025-02-01,inner_train,334
2025-02-01,inner_train,332
2025-02-01,inner_train,331
2025-02-01,inner_train,335
2025-02-01,inner_train,328
2025-02-01,inner_train,329
2025-02-01,inner_train,330
2025-02-01,inner_train,393
2025-02-01,inner_train,379
2025-02-01,inner_train,371
2025-02-01,inner_train,400
2025-02-01,inner_train,401
2025-02-01,inner_train,372
2025-02-01,inner_train,402
2025-02-01,inner_train,395
2025-02-01,inner_train,373
2025-02-01,inner_train,398
2025-02-01,inner_train,396
2025-02-01,inner_train,374
2025-02-01,inner_train,404
2025-02-01,inner_train,403
2025-02-01,inner_train,390
2025-02-01,inner_train,399
2025-02-01,inner_train,375
2025-02-01,inner_train,394
2025-02-01,inner_train,397
2025-02-01,inner_train,376
2025-02-01,inner_train,377
2025-02-01,inner_train,378
2025-02-01,inner_train,386
2025-02-01,inner_train,387
2025-02-01,inner_train,385
2025-02-01,inner_train,382
2025-02-01,inner_train,369
2025-02-01,inner_train,370
2025-02-01,inner_train,383
2025-02-01,inner_train,384
2025-02-01,inner_train,392
2025-02-01,inner_train,388
2025-02-01,inner_train,380
2025-02-01,inner_train,391
2025-02-01,inner_train,381
2025-02-01,inner_train,389
2025-02-01,inner_train,415
2025-02-01,inner_train,416
2025-02-01,inner_train,406
2025-02-01,inner_train,418
2025-02-01,inner_train,413
2025-02-01,inner_train,407
2025-02-01,inner_train,419
2025-02-01,inner_train,429
2025-02-01,inner_train,431
2025-02-01,inner_train,432
2025-02-01,inner_train,417
2025-02-01,inner_train,420
2025-02-01,inner_train,433
2025-02-01,inner_train,414
2025-02-01,inner_train,405
2025-02-01,inner_train,411
2025-02-01,inner_train,430
2025-02-01,inner_train,408
2025-02-01,inner_train,427
2025-02-01,inner_train,422
2025-02-01,inner_train,423
2025-02-01,inner_train,410
2025-02-01,inner_train,409
2025-02-01,inner_train,426
2025-02-01,inner_train,412
2025-02-01,inner_train,421
2025-02-01,inner_train,424
2025-02-01,inner_train,425
2025-02-01,inner_train,428
2025-02-01,inner_train,451
2025-02-01,inner_train,470
2025-02-01,inner_train,452
2025-02-01,inner_train,463
2025-02-01,inner_train,466
2025-02-01,inner_train,441
2025-02-01,inner_train,456
2025-02-01,inner_train,450
2025-02-01,inner_train,453
2025-02-01,inner_train,442
2025-02-01,inner_train,449
2025-02-01,inner_train,448
2025-02-01,inner_train,434
2025-02-01,inner_train,435
2025-02-01,inner_train,447
2025-02-01,inner_train,443
2025-02-01,inner_train,445
2025-02-01,inner_train,444
2025-02-01,inner_train,457
2025-02-01,inner_train,458
2025-02-01,inner_train,438
2025-02-01,inner_train,436
2025-02-01,inner_train,460
2025-02-01,inner_train,461
2025-02-01,inner_train,446
2025-02-01,inner_train,467
2025-02-01,inner_train,468
2025-02-01,inner_train,462
2025-02-01,inner_train,454
2025-02-01,inner_train,455
2025-02-01,inner_train,439
2025-02-01,inner_train,440
2025-02-01,inner_train,437
2025-02-01,inner_train,469
2025-02-01,inner_train,464
2025-02-01,inner_train,465
2025-02-01,inner_train,476
2025-02-01,inner_train,477
2025-02-01,inner_train,502
2025-02-01,inner_train,503
2025-02-01,inner_train,478
2025-02-01,inner_train,472
2025-02-01,inner_train,498
2025-02-01,inner_train,497
2025-02-01,inner_train,473
2025-02-01,inner_train,507
2025-02-01,inner_train,508
2025-02-01,inner_train,479
2025-02-01,inner_train,474
2025-02-01,inner_train,480
2025-02-01,inner_train,494
2025-02-01,inner_train,484
2025-02-01,inner_train,485
2025-02-01,inner_train,495
2025-02-01,inner_train,475
2025-02-01,inner_train,500
2025-02-01,inner_train,481
2025-02-01,inner_train,487
2025-02-01,inner_train,492
2025-02-01,inner_train,493
2025-02-01,inner_train,501
2025-02-01,inner_train,499
2025-02-01,inner_train,509
2025-02-01,inner_train,496
2025-02-01,inner_train,471
2025-02-01,inner_train,486
2025-02-01,inner_train,505
2025-02-01,inner_train,482
2025-02-01,inner_train,483
2025-02-01,inner_train,490
2025-02-01,inner_train,506
2025-02-01,inner_train,489
2025-02-01,inner_train,488
2025-02-01,inner_train,525
2025-02-01,inner_train,514
2025-02-01,inner_train,528
2025-02-01,inner_train,511
2025-02-01,inner_train,510
2025-02-01,inner_train,531
2025-02-01,inner_train,526
2025-02-01,inner_train,536
2025-02-01,inner_train,530
2025-02-01,inner_train,534
2025-02-01,inner_train,524
2025-02-01,inner_train,527
2025-02-01,inner_train,521
2025-02-01,inner_train,532
2025-02-01,inner_train,518
2025-02-01,inner_train,519
2025-02-01,inner_train,513
2025-02-01,inner_train,512
2025-02-01,inner_train,533
2025-02-01,inner_train,523
2025-02-01,inner_train,535
2025-02-01,inner_train,522
2025-02-01,inner_train,516
2025-02-01,inner_train,520
2025-02-01,inner_train,515
2025-02-01,inner_train,517
2025-02-01,inner_train,529
2025-02-01,inner_train,546
2025-02-01,inner_train,548
2025-02-01,inner_train,547
2025-02-01,inner_train,549
2025-02-01,inner_train,552
2025-02-01,inner_train,537
2025-02-01,inner_train,538
2025-02-01,inner_train,540
2025-02-01,inner_train,543
2025-02-01,inner_train,545
2025-02-01,inner_train,544
2025-02-01,inner_train,560
2025-02-01,inner_train,561
2025-02-01,inner_train,562
2025-02-01,inner_train,563
2025-02-01,inner_train,557
2025-02-01,inner_train,559
2025-02-01,inner_train,550
2025-02-01,inner_train,554
2025-02-01,inner_train,556
2025-02-01,inner_train,553
2025-02-01,inner_train,555
2025-02-01,inner_train,541
2025-02-01,inner_train,542
2025-02-01,inner_train,551
2025-02-01,inner_train,539
2025-02-01,inner_train,558
2025-02-01,inner_train,574
2025-02-01,inner_train,575
2025-02-01,inner_train,583
2025-02-01,inner_train,586
2025-02-01,inner_train,587
2025-02-01,inner_train,597
2025-02-01,inner_train,584
2025-02-01,inner_train,585
2025-02-01,inner_train,590
2025-02-01,inner_train,588
2025-02-01,inner_train,591
2025-02-01,inner_train,592
2025-02-01,inner_train,564
2025-02-01,inner_train,579
2025-02-01,inner_train,580
2025-02-01,inner_train,578
2025-02-01,inner_train,576
2025-02-01,inner_train,577
2025-02-01,inner_train,601
2025-02-01,inner_train,593
2025-02-01,inner_train,566
2025-02-01,inner_train,565
2025-02-01,inner_train,594
2025-02-01,inner_train,569
2025-02-01,inner_train,596
2025-02-01,inner_train,595
2025-02-01,inner_train,602
2025-02-01,inner_train,581
2025-02-01,inner_train,582
2025-02-01,inner_train,603
2025-02-01,inner_train,604
2025-02-01,inner_train,605
2025-02-01,inner_train,571
2025-02-01,inner_train,570
2025-02-01,inner_train,567
2025-02-01,inner_train,568
2025-02-01,inner_train,572
2025-02-01,inner_train,589
2025-02-01,inner_train,598
2025-02-01,inner_train,599
2025-02-01,inner_train,600
2025-02-01,inner_train,573
2025-02-01,inner_train,609
2025-02-01,inner_train,610
2025-02-01,inner_train,618
2025-02-01,inner_train,606
2025-02-01,inner_train,622
2025-02-01,inner_train,623
2025-02-01,inner_train,611
2025-02-01,inner_train,619
2025-02-01,inner_train,627
2025-02-01,inner_train,628
2025-02-01,inner_train,615
2025-02-01,inner_train,624
2025-02-01,inner_train,612
2025-02-01,inner_train,613
2025-02-01,inner_train,614
2025-02-01,inner_train,629
2025-02-01,inner_train,631
2025-02-01,inner_train,617
2025-02-01,inner_train,625
2025-02-01,inner_train,637
2025-02-01,inner_train,632
2025-02-01,inner_train,616
2025-02-01,inner_train,626
2025-02-01,inner_train,638
2025-02-01,inner_train,633
2025-02-01,inner_train,608
2025-02-01,inner_train,607
2025-02-01,inner_train,641
2025-02-01,inner_train,620
2025-02-01,inner_train,636
2025-02-01,inner_train,634
2025-02-01,inner_train,630
2025-02-01,inner_train,621
2025-02-01,inner_train,635
2025-02-01,inner_train,639
2025-02-01,inner_train,640
2025-02-01,inner_train,673
2025-02-01,inner_train,674
2025-02-01,inner_train,654
2025-02-01,inner_train,675
2025-02-01,inner_train,656
2025-02-01,inner_train,657
2025-02-01,inner_train,661
2025-02-01,inner_train,671
2025-02-01,inner_train,648
2025-02-01,inner_train,672
2025-02-01,inner_train,653
2025-02-01,inner_train,667
2025-02-01,inner_train,642
2025-02-01,inner_train,650
2025-02-01,inner_train,646
2025-02-01,inner_train,647
2025-02-01,inner_train,662
2025-02-01,inner_train,643
2025-02-01,inner_train,670
2025-02-01,inner_train,669
2025-02-01,inner_train,663
2025-02-01,inner_train,659
2025-02-01,inner_train,668
2025-02-01,inner_train,658
2025-02-01,inner_train,649
2025-02-01,inner_train,676
2025-02-01,inner_train,664
2025-02-01,inner_train,666
2025-02-01,inner_train,665
2025-02-01,inner_train,660
2025-02-01,inner_train,651
2025-02-01,inner_train,706
2025-02-01,inner_train,652
2025-02-01,inner_train,677
2025-02-01,inner_train,655
2025-02-01,inner_train,644
2025-02-01,inner_train,714
2025-02-01,inner_train,645
2025-02-01,inner_train,682
2025-02-01,inner_train,681
2025-02-01,inner_train,689
2025-02-01,inner_train,696
2025-02-01,inner_train,695
2025-02-01,inner_train,690
2025-02-01,inner_train,691
2025-02-01,inner_train,713
2025-02-01,inner_train,683
2025-02-01,inner_train,684
2025-02-01,inner_train,700
2025-02-01,inner_train,688
2025-02-01,inner_train,702
2025-02-01,inner_train,703
2025-02-01,inner_train,705
2025-02-01,inner_train,686
2025-02-01,inner_train,687
2025-02-01,inner_train,704
2025-02-01,inner_train,693
2025-02-01,inner_train,678
2025-02-01,inner_train,694
2025-02-01,inner_train,685
2025-02-01,inner_train,701
2025-02-01,inner_train,699
2025-02-01,inner_train,679
2025-02-01,inner_train,707
2025-02-01,inner_train,708
2025-02-01,inner_train,698
2025-02-01,inner_train,680
2025-02-01,inner_train,709
2025-02-01,inner_train,732
2025-02-01,inner_val,747
2025-02-01,inner_val,798
2025-02-01,inner_val,799
2025-02-01,inner_val,792
2025-02-01,inner_val,793
2025-02-01,inner_val,804
2025-02-01,inner_val,794
2025-02-01,inner_val,795
2025-02-01,inner_val,786
2025-02-01,inner_val,775
2025-02-01,inner_val,785
2025-02-01,inner_val,787
2025-02-01,inner_val,774
2025-02-01,inner_val,777
2025-02-01,inner_val,776
2025-02-01,inner_val,769
2025-02-01,inner_val,771
2025-02-01,inner_val,780
2025-02-01,inner_val,772
2025-02-01,inner_val,781
2025-02-01,inner_val,783
2025-02-01,inner_val,770
2025-02-01,inner_val,778
2025-02-01,inner_val,800
2025-02-01,inner_val,782
2025-02-01,inner_val,796
2025-02-01,inner_val,779
2025-02-01,inner_val,797
2025-02-01,inner_val,809
2025-02-01,inner_val,805
2025-02-01,inner_val,826
2025-02-01,inner_val,806
2025-02-01,inner_val,807
2025-02-01,inner_val,827
2025-02-01,inner_val,835
2025-02-01,inner_val,820
2025-02-01,inner_val,831
2025-02-01,inner_val,825
2025-02-01,inner_val,833
2025-02-01,inner_val,834
2025-02-01,inner_val,832
2025-02-01,inner_val,823
2025-02-01,inner_val,821
2025-02-01,inner_val,828
2025-02-01,inner_val,824
2025-02-01,inner_val,830
2025-02-01,inner_val,814
2025-02-01,inner_val,811
2025-02-01,inner_val,812
2025-02-01,inner_val,818
2025-02-01,inner_val,816
2025-02-01,inner_val,819
2025-02-01,inner_val,813
2025-02-01,inner_val,810
2025-02-01,inner_val,836
2025-02-01,inner_val,815
2025-02-01,inner_val,853
2025-02-01,inner_val,847
2025-02-01,inner_val,846
2025-02-01,inner_val,845
2025-02-01,inner_val,844
2025-02-01,inner_val,857
2025-02-01,inner_val,840
2025-02-01,inner_val,850
2025-02-01,inner_val,851
2025-02-01,inner_val,852
2025-02-01,inner_val,841
2025-02-01,inner_val,842
2025-02-01,inner_val,865
2025-02-01,inner_val,866
2025-02-01,inner_val,858
2025-02-01,inner_val,860
2025-02-01,inner_val,867
2025-02-01,inner_val,849
2025-02-01,inner_val,854
2025-02-01,inner_val,863
2025-02-01,inner_val,859
2025-02-01,inner_val,861
2025-02-01,inner_val,855
2025-02-01,inner_val,839
2025-02-01,inner_val,864
2025-02-01,inner_val,862
2025-02-01,inner_val,837
2025-02-01,inner_val,856
2025-02-01,inner_val,843
2025-02-01,inner_val,838
2025-02-01,inner_val,848
2025-02-01,inner_val,872
2025-02-01,inner_val,868
2025-02-01,inner_val,892
2025-02-01,inner_val,891
2025-02-01,inner_val,893
2025-02-01,inner_val,877
2025-02-01,inner_val,878
2025-02-01,inner_val,888
2025-02-01,inner_val,887
2025-02-01,inner_val,889
2025-02-01,inner_val,890
2025-02-01,inner_val,884
2025-02-01,inner_val,879
2025-02-01,inner_val,873
2025-02-01,inner_val,869
2025-02-01,inner_val,883
2025-02-01,inner_val,870
2025-02-01,inner_val,896
2025-02-01,inner_val,897
2025-02-01,inner_val,898
2025-02-01,inner_val,894
2025-02-01,inner_val,874
2025-02-01,inner_val,875
2025-02-01,inner_val,876
2025-02-01,inner_val,886
2025-02-01,inner_val,885
2025-02-01,inner_val,895
2025-02-01,inner_val,880
2025-02-01,inner_val,881
2025-02-01,inner_val,882
2025-02-01,inner_val,871
2025-02-01,inner_val,918
2025-02-01,inner_val,930
2025-02-01,inner_val,931
2025-02-01,inner_val,906
2025-02-01,inner_val,914
2025-02-01,inner_val,913
2025-02-01,inner_val,902
2025-02-01,inner_val,929
2025-02-01,inner_val,919
2025-02-01,inner_val,915
2025-02-01,inner_val,916
2025-02-01,inner_val,908
2025-02-01,inner_val,928
2025-02-01,inner_val,926
2025-02-01,inner_val,927
2025-02-01,inner_val,909
2025-02-01,inner_val,910
2025-02-01,inner_val,903
2025-02-01,inner_val,907
2025-02-01,inner_val,921
2025-02-01,inner_val,920
2025-02-01,inner_val,900
2025-02-01,inner_val,917
2025-02-01,inner_val,923
2025-02-01,inner_val,899
2025-02-01,inner_val,911
2025-02-01,inner_val,901
2025-02-01,inner_val,922
2025-02-01,inner_val,924
2025-02-01,inner_val,925
2025-02-01,inner_val,959
2025-02-01,inner_val,958
2025-02-01,inner_val,966
2025-02-01,val,983
2025-02-01,val,993
2025-02-01,val,976
2025-02-01,val,989
2025-02-01,val,1029
2025-02-01,val,998
2025-02-01,val,1013
2025-02-01,val,1001
2025-02-01,val,1030
2025-02-01,val,1000
2025-02-01,val,1025
2025-02-01,val,997
2025-02-01,val,1014
2025-02-01,val,1027
2025-02-01,val,1002
2025-02-01,val,1004
2025-02-01,val,1003
2025-02-01,val,1026
2025-02-01,val,1028
2025-02-01,val,1021
2025-02-01,val,1020
2025-02-01,val,1007
2025-02-01,val,1022
2025-02-01,val,1005
2025-02-01,val,1008
2025-02-01,val,1009
2025-02-01,val,1023
2025-02-01,val,1011
2025-02-01,val,1012
2025-02-01,val,1006
2025-02-01,val,1016
2025-02-01,val,1024
2025-02-01,val,996
2025-02-01,val,1015
2025-02-01,val,1010
2025-02-01,val,1039
2025-02-01,val,1044
2025-02-01,val,1056
2025-02-01,val,1054
2025-02-01,val,1047
2025-02-01,val,1034
2025-02-01,val,1045
2025-02-01,val,1055
2025-02-01,val,1035
2025-02-01,val,1043
2025-02-01,val,1046
2025-02-01,val,1048
2025-02-01,val,1057
2025-02-01,val,1050
2025-02-01,val,1058
2025-02-01,val,1049
2025-02-01,val,1033
2025-02-01,val,1038
2025-02-01,val,1059
2025-02-01,val,1051
2025-02-01,val,1040
2025-02-01,val,1032
2025-02-01,val,1036
2025-02-01,val,1031
2025-02-01,val,1041
2025-02-01,val,1062
2025-02-01,val,1060
2025-02-01,val,1042
2025-02-01,val,1037
2025-02-01,val,1052
2025-02-01,val,1053
2025-02-01,val,1061
2025-02-01,val,1073
2025-02-01,val,1089
2025-02-01,val,1078
2025-02-01,val,1076
2025-02-01,val,1094
2025-02-01,val,1096
2025-02-01,val,1074
2025-02-01,val,1063
2025-02-01,val,1095
2025-02-01,val,1077
2025-02-01,val,1079
2025-02-01,val,1081
2025-02-01,val,1093
2025-02-01,val,1080
2025-02-01,val,1072
2025-02-01,val,1068
2025-02-01,val,1064
2025-02-01,val,1082
2025-02-01,val,1085
2025-02-01,val,1086
2025-02-01,val,1090
2025-02-01,val,1067
2025-02-01,val,1065
2025-02-01,val,1066
2025-02-01,val,1075
2025-02-01,val,1087
2025-02-01,val,1091
2025-02-01,val,1088
2025-02-01,val,1092
2025-02-01,val,1069
2025-02-01,val,1070
2025-02-01,val,1071
2025-02-01,val,1083
2025-02-01,val,1084
2025-02-01,val,1105
2025-02-01,val,1124
2025-02-01,val,1106
2025-02-01,val,1108
2025-02-01,val,1118
2025-02-01,val,1107
2025-02-01,val,1119
2025-02-01,val,1116
2025-02-01,val,1117
2025-02-01,val,1125
2025-02-01,val,1097
2025-02-01,val,1098
2025-02-01,val,1113
2025-02-01,val,1112
2025-02-01,val,1109
2025-02-01,val,1120
2025-02-01,val,1122
2025-02-01,val,1114
2025-02-01,val,1103
2025-02-01,val,1104
2025-02-01,val,1121
2025-02-01,val,1115
2025-02-01,val,1126
2025-02-01,val,1127
2025-02-01,val,1128
2025-02-01,val,1110
2025-02-01,val,1111
2025-02-01,val,1123
2025-02-01,val,1101
2025-02-01,val,1100
2025-02-01,val,1102
2025-02-01,val,1099
2025-02-08,train,115
2025-02-08,train,114
2025-02-08,train,51
2025-02-08,train,57
2025-02-08,train,83
2025-02-08,train,90
2025-02-08,train,127
2025-02-08,train,82
2025-02-08,train,88
2025-02-08,train,63
2025-02-08,train,77
2025-02-08,train,64
2025-02-08,train,74
2025-02-08,train,84
2025-02-08,train,65
2025-02-08,train,49
2025-02-08,train,52
2025-02-08,train,72
2025-02-08,train,48
2025-02-08,train,50
2025-02-08,train,73
2025-02-08,train,53
2025-02-08,train,95
2025-02-08,train,68
2025-02-08,train,67
2025-02-08,train,97
2025-02-08,train,107
2025-02-08,train,70
2025-02-08,train,69
2025-02-08,train,96
2025-02-08,train,71
2025-02-08,train,75
2025-02-08,train,103
2025-02-08,train,76
2025-02-08,train,119
2025-02-08,train,101
2025-02-08,train,120
2025-02-08,train,100
2025-02-08,train,93
2025-02-08,train,108
2025-02-08,train,102
2025-02-08,train,121
2025-02-08,train,122
2025-02-08,train,116
2025-02-08,train,117
2025-02-08,train,80
2025-02-08,train,81
2025-02-08,train,54
2025-02-08,train,109
2025-02-08,train,59
2025-02-08,train,118
2025-02-08,train,104
2025-02-08,train,66
2025-02-08,train,105
2025-02-08,train,61
2025-02-08,train,106
2025-02-08,train,62
2025-02-08,train,55
2025-02-08,train,98
2025-02-08,train,56
2025-02-08,train,60
2025-02-08,train,99
2025-02-08,train,94
2025-02-08,train,111
2025-02-08,train,92
2025-02-08,train,85
2025-02-08,train,124
2025-02-08,train,91
2025-02-08,train,123
2025-02-08,train,86
2025-02-08,train,166
2025-02-08,train,125
2025-02-08,train,133
2025-02-08,train,159
2025-02-08,train,150
2025-02-08,train,163
2025-02-08,train,162
2025-02-08,train,134
2025-02-08,train,164
2025-02-08,train,149
2025-02-08,train,165
2025-02-08,train,144
2025-02-08,train,145
2025-02-08,train,158
2025-02-08,train,160
2025-02-08,train,151
2025-02-08,train,152
2025-02-08,train,128
2025-02-08,train,147
2025-02-08,train,135
2025-02-08,train,130
2025-02-08,train,129
2025-02-08,train,155
2025-02-08,train,143
2025-02-08,train,131
2025-02-08,train,161
2025-02-08,train,154
2025-02-08,train,142
2025-02-08,train,132
2025-02-08,train,141
2025-02-08,train,156
2025-02-08,train,157
2025-02-08,train,153
2025-02-08,train,140
2025-02-08,train,138
2025-02-08,train,136
2025-02-08,train,137
2025-02-08,train,146
2025-02-08,train,139
2025-02-08,train,148
2025-02-08,train,175
2025-02-08,train,189
2025-02-08,train,176
2025-02-08,train,174
2025-02-08,train,193
2025-02-08,train,172
2025-02-08,train,168
2025-02-08,train,182
2025-02-08,train,181
2025-02-08,train,171
2025-02-08,train,170
2025-02-08,train,169
2025-02-08,train,183
2025-02-08,train,178
2025-02-08,train,167
2025-02-08,train,184
2025-02-08,train,177
2025-02-08,train,186
2025-02-08,train,173
2025-02-08,train,180
2025-02-08,train,191
2025-02-08,train,190
2025-02-08,train,188
2025-02-08,train,192
2025-02-08,train,187
2025-02-08,train,185
2025-02-08,train,179
2025-02-08,train,221
2025-02-08,train,202
2025-02-08,train,203
2025-02-08,train,217
2025-02-08,train,218
2025-02-08,train,204
2025-02-08,train,205
2025-02-08,train,206
2025-02-08,train,227
2025-02-08,train,229
2025-02-08,train,228
2025-02-08,train,215
2025-02-08,train,222
2025-02-08,train,197
2025-02-08,train,219
2025-02-08,train,220
2025-02-08,train,231
2025-02-08,train,212
2025-02-08,train,230
2025-02-08,train,213
2025-02-08,train,208
2025-02-08,train,216
2025-02-08,train,214
2025-02-08,train,207
2025-02-08,train,194
2025-02-08,train,201
2025-02-08,train,209
2025-02-08,train,195
2025-02-08,train,196
2025-02-08,train,211
2025-02-08,train,224
2025-02-08,train,226
2025-02-08,train,210
2025-02-08,train,223
2025-02-08,train,200
2025-02-08,train,198
2025-02-08,train,225
2025-02-08,train,199
2025-02-08,train,246
2025-02-08,train,251
2025-02-08,train,257
2025-02-08,train,262
2025-02-08,train,245
2025-02-08,train,265
2025-02-08,train,258
2025-02-08,train,248
2025-02-08,train,253
2025-02-08,train,266
2025-02-08,train,269
2025-02-08,train,247
2025-02-08,train,235
2025-02-08,train,255
2025-02-08,train,256
2025-02-08,train,254
2025-02-08,train,267
2025-02-08,train,268
2025-02-08,train,239
2025-02-08,train,236
2025-02-08,train,234
2025-02-08,train,249
2025-02-08,train,238
2025-02-08,train,243
2025-02-08,train,259
2025-02-08,train,261
2025-02-08,train,260
2025-02-08,train,250
2025-02-08,train,244
2025-02-08,train,240
2025-02-08,train,241
2025-02-08,train,242
2025-02-08,train,263
2025-02-08,train,232
2025-02-08,train,233
2025-02-08,train,264
2025-02-08,train,237
2025-02-08,train,252
2025-02-08,train,281
2025-02-08,train,282
2025-02-08,train,320
2025-02-08,train,293
2025-02-08,train,321
2025-02-08,train,322
2025-02-08,train,323
2025-02-08,train,304
2025-02-08,train,310
2025-02-08,train,294
2025-02-08,train,319
2025-02-08,train,324
2025-02-08,train,302
2025-02-08,train,308
2025-02-08,train,295
2025-02-08,train,300
2025-02-08,train,311
2025-02-08,train,280
2025-02-08,train,301
2025-02-08,train,316
2025-02-08,train,296
2025-02-08,train,317
2025-02-08,train,303
2025-02-08,train,318
2025-02-08,train,306
2025-02-08,train,297
2025-02-08,train,305
2025-02-08,train,307
2025-02-08,train,275
2025-02-08,train,312
2025-02-08,train,271
2025-02-08,train,279
2025-02-08,train,287
2025-02-08,train,299
2025-02-08,train,298
2025-02-08,train,276
2025-02-08,train,277
2025-02-08,train,270
2025-02-08,train,286
2025-02-08,train,288
2025-02-08,train,283
2025-02-08,train,284
2025-02-08,train,314
2025-02-08,train,272
2025-02-08,train,290
2025-02-08,train,278
2025-02-08,train,313
2025-02-08,train,285
2025-02-08,train,315
2025-02-08,train,291
2025-02-08,train,292
2025-02-08,train,273
2025-02-08,train,274
2025-02-08,train,309
2025-02-08,train,365
2025-02-08,train,343
2025-02-08,train,352
2025-02-08,train,359
2025-02-08,train,325
2025-02-08,train,360
2025-02-08,train,363
2025-02-08,train,364
2025-02-08,train,340
2025-02-08,train,327
2025-02-08,train,326
2025-02-08,train,355
2025-02-08,train,356
2025-02-08,train,336
2025-02-08,train,362
2025-02-08,train,361
2025-02-08,train,353
2025-02-08,train,354
2025-02-08,train,338
2025-02-08,train,333
2025-02-08,train,347
2025-02-08,train,346
2025-02-08,train,337
2025-02-08,train,366
2025-02-08,train,367
2025-02-08,train,368
2025-02-08,train,350
2025-02-08,train,341
2025-02-08,train,342
2025-02-08,train,348
2025-02-08,train,344
2025-02-08,train,345
2025-02-08,train,357
2025-02-08,train,358
2025-02-08,train,349
2025-02-08,train,339
2025-02-08,train,351
2025-02-08,train,334
2025-02-08,train,332
2025-02-08,train,331
2025-02-08,train,335
2025-02-08,train,328
2025-02-08,train,329
2025-02-08,train,330
2025-02-08,train,393
2025-02-08,train,379
2025-02-08,train,371
2025-02-08,train,400
2025-02-08,train,401
2025-02-08,train,372
2025-02-08,train,402
2025-02-08,train,395
2025-02-08,train,373
2025-02-08,train,398
2025-02-08,train,396
2025-02-08,train,374
2025-02-08,train,404
2025-02-08,train,403
2025-02-08,train,390
2025-02-08,train,399
2025-02-08,train,375
2025-02-08,train,394
2025-02-08,train,397
2025-02-08,train,376
2025-02-08,train,377
2025-02-08,train,378
2025-02-08,train,386
2025-02-08,train,387
2025-02-08,train,385
2025-02-08,train,382
2025-02-08,train,369
2025-02-08,train,370
2025-02-08,train,383
2025-02-08,train,384
2025-02-08,train,392
2025-02-08,train,388
2025-02-08,train,380
2025-02-08,train,391
2025-02-08,train,381
2025-02-08,train,389
2025-02-08,train,415
2025-02-08,train,416
2025-02-08,train,406
2025-02-08,train,418
2025-02-08,train,413
2025-02-08,train,407
2025-02-08,train,419
2025-02-08,train,429
2025-02-08,train,431
2025-02-08,train,432
2025-02-08,train,417
2025-02-08,train,420
2025-02-08,train,433
2025-02-08,train,414
2025-02-08,train,405
2025-02-08,train,411
2025-02-08,train,430
2025-02-08,train,408
2025-02-08,train,427
2025-02-08,train,422
2025-02-08,train,423
2025-02-08,train,410
2025-02-08,train,409
2025-02-08,train,426
2025-02-08,train,412
2025-02-08,train,421
2025-02-08,train,424
2025-02-08,train,425
2025-02-08,train,428
2025-02-08,train,451
2025-02-08,train,470
2025-02-08,train,452
2025-02-08,train,463
2025-02-08,train,466
2025-02-08,train,441
2025-02-08,train,456
2025-02-08,train,450
2025-02-08,train,453
2025-02-08,train,442
2025-02-08,train,449
2025-02-08,train,448
2025-02-08,train,434
2025-02-08,train,435
2025-02-08,train,447
2025-02-08,train,443
2025-02-08,train,445
2025-02-08,train,444
2025-02-08,train,457
2025-02-08,train,458
2025-02-08,train,438
2025-02-08,train,436
2025-02-08,train,460
2025-02-08,train,461
2025-02-08,train,446
2025-02-08,train,467
2025-02-08,train,468
2025-02-08,train,462
2025-02-08,train,454
2025-02-08,train,455
2025-02-08,train,439
2025-02-08,train,440
2025-02-08,train,437
2025-02-08,train,469
2025-02-08,train,464
2025-02-08,train,465
2025-02-08,train,476
2025-02-08,train,477
2025-02-08,train,502
2025-02-08,train,503
2025-02-08,train,478
2025-02-08,train,472
2025-02-08,train,498
2025-02-08,train,497
2025-02-08,train,473
2025-02-08,train,507
2025-02-08,train,508
2025-02-08,train,479
2025-02-08,train,474
2025-02-08,train,480
2025-02-08,train,494
2025-02-08,train,484
2025-02-08,train,485
2025-02-08,train,495
2025-02-08,train,475
2025-02-08,train,500
2025-02-08,train,481
2025-02-08,train,487
2025-02-08,train,492
2025-02-08,train,493
2025-02-08,train,501
2025-02-08,train,499
2025-02-08,train,509
2025-02-08,train,496
2025-02-08,train,471
2025-02-08,train,486
2025-02-08,train,505
2025-02-08,train,482
2025-02-08,train,483
2025-02-08,train,490
2025-02-08,train,506
2025-02-08,train,489
2025-02-08,train,488
2025-02-08,train,525
2025-02-08,train,514
2025-02-08,train,528
2025-02-08,train,511
2025-02-08,train,510
2025-02-08,train,531
2025-02-08,train,526
2025-02-08,train,536
2025-02-08,train,530
2025-02-08,train,534
2025-02-08,train,524
2025-02-08,train,527
2025-02-08,train,521
2025-02-08,train,532
2025-02-08,train,518
2025-02-08,train,519
2025-02-08,train,513
2025-02-08,train,512
2025-02-08,train,533
2025-02-08,train,523
2025-02-08,train,535
2025-02-08,train,522
2025-02-08,train,516
2025-02-08,train,520
2025-02-08,train,515
2025-02-08,train,517
2025-02-08,train,529
2025-02-08,train,546
2025-02-08,train,548
2025-02-08,train,547
2025-02-08,train,549
2025-02-08,train,552
2025-02-08,train,537
2025-02-08,train,538
2025-02-08,train,540
2025-02-08,train,543
2025-02-08,train,545
2025-02-08,train,544
2025-02-08,train,560
2025-02-08,train,561
2025-02-08,train,562
2025-02-08,train,563
2025-02-08,train,557
2025-02-08,train,559
2025-02-08,train,550
2025-02-08,train,554
2025-02-08,train,556
2025-02-08,train,553
2025-02-08,train,555
2025-02-08,train,541
2025-02-08,train,542
2025-02-08,train,551
2025-02-08,train,539
2025-02-08,train,558
2025-02-08,train,574
2025-02-08,train,575
2025-02-08,train,583
2025-02-08,train,586
2025-02-08,train,587
2025-02-08,train,597
2025-02-08,train,584
2025-02-08,train,585
2025-02-08,train,590
2025-02-08,train,588
2025-02-08,train,591
2025-02-08,train,592
2025-02-08,train,564
2025-02-08,train,579
2025-02-08,train,580
2025-02-08,train,578
2025-02-08,train,576
2025-02-08,train,577
2025-02-08,train,601
2025-02-08,train,593
2025-02-08,train,566
2025-02-08,train,565
2025-02-08,train,594
2025-02-08,train,569
2025-02-08,train,596
2025-02-08,train,595
2025-02-08,train,602
2025-02-08,train,581
2025-02-08,train,582
2025-02-08,train,603
2025-02-08,train,604
2025-02-08,train,605
2025-02-08,train,571
2025-02-08,train,570
2025-02-08,train,567
2025-02-08,train,568
2025-02-08,train,572
2025-02-08,train,589
2025-02-08,train,598
2025-02-08,train,599
2025-02-08,train,600
2025-02-08,train,573
2025-02-08,train,609
2025-02-08,train,610
2025-02-08,train,618
2025-02-08,train,606
2025-02-08,train,622
2025-02-08,train,623
2025-02-08,train,611
2025-02-08,train,619
2025-02-08,train,627
2025-02-08,train,628
2025-02-08,train,615
2025-02-08,train,624
2025-02-08,train,612
2025-02-08,train,613
2025-02-08,train,614
2025-02-08,train,629
2025-02-08,train,631
2025-02-08,train,617
2025-02-08,train,625
2025-02-08,train,637
2025-02-08,train,632
2025-02-08,train,616
2025-02-08,train,626
2025-02-08,train,638
2025-02-08,train,633
2025-02-08,train,608
2025-02-08,train,607
2025-02-08,train,641
2025-02-08,train,620
2025-02-08,train,636
2025-02-08,train,634
2025-02-08,train,630
2025-02-08,train,621
2025-02-08,train,635
2025-02-08,train,639
2025-02-08,train,640
2025-02-08,train,673
2025-02-08,train,674
2025-02-08,train,654
2025-02-08,train,675
2025-02-08,train,656
2025-02-08,train,657
2025-02-08,train,661
2025-02-08,train,671
2025-02-08,train,648
2025-02-08,train,672
2025-02-08,train,653
2025-02-08,train,667
2025-02-08,train,642
2025-02-08,train,650
2025-02-08,train,646
2025-02-08,train,647
2025-02-08,train,662
2025-02-08,train,643
2025-02-08,train,670
2025-02-08,train,669
2025-02-08,train,663
2025-02-08,train,659
2025-02-08,train,668
2025-02-08,train,658
2025-02-08,train,649
2025-02-08,train,676
2025-02-08,train,664
2025-02-08,train,666
2025-02-08,train,665
2025-02-08,train,660
2025-02-08,train,651
2025-02-08,train,706
2025-02-08,train,652
2025-02-08,train,677
2025-02-08,train,655
2025-02-08,train,644
2025-02-08,train,714
2025-02-08,train,645
2025-02-08,train,682
2025-02-08,train,681
2025-02-08,train,689
2025-02-08,train,696
2025-02-08,train,695
2025-02-08,train,690
2025-02-08,train,691
2025-02-08,train,713
2025-02-08,train,683
2025-02-08,train,684
2025-02-08,train,700
2025-02-08,train,688
2025-02-08,train,702
2025-02-08,train,703
2025-02-08,train,705
2025-02-08,train,686
2025-02-08,train,687
2025-02-08,train,704
2025-02-08,train,693
2025-02-08,train,678
2025-02-08,train,694
2025-02-08,train,685
2025-02-08,train,701
2025-02-08,train,699
2025-02-08,train,679
2025-02-08,train,707
2025-02-08,train,708
2025-02-08,train,698
2025-02-08,train,680
2025-02-08,train,709
2025-02-08,train,712
2025-02-08,train,710
2025-02-08,train,697
2025-02-08,train,692
2025-02-08,train,711
2025-02-08,train,741
2025-02-08,train,732
2025-02-08,train,733
2025-02-08,train,766
2025-02-08,train,742
2025-02-08,train,728
2025-02-08,train,724
2025-02-08,train,718
2025-02-08,train,765
2025-02-08,train,740
2025-02-08,train,743
2025-02-08,train,727
2025-02-08,train,748
2025-02-08,train,729
2025-02-08,train,725
2025-02-08,train,744
2025-02-08,train,763
2025-02-08,train,762
2025-02-08,train,753
2025-02-08,train,726
2025-02-08,train,721
2025-02-08,train,730
2025-02-08,train,755
2025-02-08,train,764
2025-02-08,train,749
2025-02-08,train,750
2025-02-08,train,754
2025-02-08,train,722
2025-02-08,train,723
2025-02-08,train,719
2025-02-08,train,751
2025-02-08,train,752
2025-02-08,train,731
2025-02-08,train,720
2025-02-08,train,735
2025-02-08,train,715
2025-02-08,train,716
2025-02-08,train,758
2025-02-08,train,761
2025-02-08,train,736
2025-02-08,train,738
2025-02-08,train,737
2025-02-08,train,756
2025-02-08,train,759
2025-02-08,train,760
2025-02-08,train,746
2025-02-08,train,739
2025-02-08,train,717
2025-02-08,train,757
2025-02-08,train,745
2025-02-08,train,734
2025-02-08,train,747
2025-02-08,train,801
2025-02-08,train,798
2025-02-08,train,802
2025-02-08,train,799
2025-02-08,train,803
2025-02-08,train,788
2025-02-08,train,792
2025-02-08,train,793
2025-02-08,train,804
2025-02-08,train,794
2025-02-08,train,795
2025-02-08,train,790
2025-02-08,train,786
2025-02-08,train,775
2025-02-08,train,785
2025-02-08,train,787
2025-02-08,train,774
2025-02-08,train,789
2025-02-08,train,777
2025-02-08,train,776
2025-02-08,train,773
2025-02-08,train,769
2025-02-08,train,771
2025-02-08,train,780
2025-02-08,train,784
2025-02-08,train,772
2025-02-08,train,781
2025-02-08,train,783
2025-02-08,train,791
2025-02-08,train,770
2025-02-08,train,778
2025-02-08,train,800
2025-02-08,train,782
2025-02-08,train,767
2025-02-08,train,796
2025-02-08,train,779
2025-02-08,train,797
2025-02-08,train,809
2025-02-08,train,817
2025-02-08,train,805
2025-02-08,train,826
2025-02-08,train,806
2025-02-08,train,808
2025-02-08,train,807
2025-02-08,train,827
2025-02-08,train,822
2025-02-08,train,835
2025-02-08,train,820
2025-02-08,train,831
2025-02-08,train,825
2025-02-08,train,833
2025-02-08,train,834
2025-02-08,train,832
2025-02-08,train,823
2025-02-08,train,821
2025-02-08,train,828
2025-02-08,train,824
2025-02-08,train,830
2025-02-08,train,814
2025-02-08,train,811
2025-02-08,train,812
2025-02-08,train,818
2025-02-08,train,816
2025-02-08,train,819
2025-02-08,train,813
2025-02-08,train,810
2025-02-08,train,836
2025-02-08,train,815
2025-02-08,train,853
2025-02-08,train,847
2025-02-08,train,846
2025-02-08,train,845
2025-02-08,train,844
2025-02-08,train,857
2025-02-08,train,840
2025-02-08,train,850
2025-02-08,train,851
2025-02-08,train,852
2025-02-08,train,841
2025-02-08,train,842
2025-02-08,train,865
2025-02-08,train,866
2025-02-08,train,858
2025-02-08,train,860
2025-02-08,train,867
2025-02-08,train,849
2025-02-08,train,854
2025-02-08,train,863
2025-02-08,train,859
2025-02-08,train,861
2025-02-08,train,855
2025-02-08,train,839
2025-02-08,train,864
2025-02-08,train,862
2025-02-08,train,837
2025-02-08,train,856
2025-02-08,train,843
2025-02-08,train,838
2025-02-08,train,848
2025-02-08,train,872
2025-02-08,train,868
2025-02-08,train,892
2025-02-08,train,891
2025-02-08,train,893
2025-02-08,train,877
2025-02-08,train,878
2025-02-08,train,888
2025-02-08,train,887
2025-02-08,train,889
2025-02-08,train,890
2025-02-08,train,884
2025-02-08,train,879
2025-02-08,train,873
2025-02-08,train,869
2025-02-08,train,883
2025-02-08,train,870
2025-02-08,train,896
2025-02-08,train,897
2025-02-08,train,898
2025-02-08,train,894
2025-02-08,train,874
2025-02-08,train,875
2025-02-08,train,876
2025-02-08,train,886
2025-02-08,train,885
2025-02-08,train,895
2025-02-08,train,880
2025-02-08,train,881
2025-02-08,train,882
2025-02-08,train,871
2025-02-08,train,918
2025-02-08,train,930
2025-02-08,train,931
2025-02-08,train,906
2025-02-08,train,914
2025-02-08,train,913
2025-02-08,train,902
2025-02-08,train,929
2025-02-08,train,919
2025-02-08,train,915
2025-02-08,train,916
2025-02-08,train,908
2025-02-08,train,904
2025-02-08,train,928
2025-02-08,train,926
2025-02-08,train,927
2025-02-08,train,909
2025-02-08,train,910
2025-02-08,train,903
2025-02-08,train,907
2025-02-08,train,921
2025-02-08,train,920
2025-02-08,train,900
2025-02-08,train,917
2025-02-08,train,923
2025-02-08,train,899
2025-02-08,train,911
2025-02-08,train,901
2025-02-08,train,922
2025-02-08,train,905
2025-02-08,train,912
2025-02-08,train,924
2025-02-08,train,925
2025-02-08,train,959
2025-02-08,train,958
2025-02-08,train,945
2025-02-08,train,951
2025-02-08,train,966
2025-02-08,train,967
2025-02-08,train,969
2025-02-08,train,960
2025-02-08,train,961
2025-02-08,train,952
2025-02-08,train,968
2025-02-08,train,962
2025-02-08,train,963
2025-02-08,train,964
2025-02-08,train,934
2025-02-08,train,933
2025-02-08,train,932
2025-02-08,train,935
2025-02-08,train,953
2025-02-08,train,938
2025-02-08,train,946
2025-02-08,train,954
2025-02-08,train,937
2025-02-08,train,941
2025-02-08,train,942
2025-02-08,train,936
2025-02-08,train,939
2025-02-08,train,948
2025-02-08,train,944
2025-02-08,train,940
2025-02-08,train,957
2025-02-08,train,949
2025-02-08,train,956
2025-02-08,train,950
2025-02-08,train,965
2025-02-08,train,947
2025-02-08,train,955
2025-02-08,train,943
2025-02-08,train,972
2025-02-08,train,984
2025-02-08,train,978
2025-02-08,train,990
2025-02-08,train,980
2025-02-08,train,973
2025-02-08,train,971
2025-02-08,train,988
2025-02-08,train,974
2025-02-08,train,975
2025-02-08,train,981
2025-02-08,train,991
2025-02-08,train,979
2025-02-08,train,977
2025-02-08,train,987
2025-02-08,train,982
2025-02-08,train,985
2025-02-08,train,992
2025-02-08,train,970
2025-02-08,train,983
2025-02-08,train,993
2025-02-08,train,976
2025-02-08,train,989
2025-02-08,train,986
2025-02-08,train,1029
2025-02-08,train,998
2025-02-08,train,999
2025-02-08,train,995
2025-02-08,train,1013
2025-02-08,train,1001
2025-02-08,train,1030
2025-02-08,train,1000
2025-02-08,train,994
2025-02-08,train,1017
2025-02-08,train,1025
2025-02-08,train,997
2025-02-08,train,1014
2025-02-08,train,1027
2025-02-08,train,1002
2025-02-08,train,1004
2025-02-08,train,1003
2025-02-08,train,1026
2025-02-08,train,1018
2025-02-08,train,1019
2025-02-08,train,1028
2025-02-08,train,1021
2025-02-08,train,1020
2025-02-08,train,1007
2025-02-08,train,1022
2025-02-08,train,1005
2025-02-08,train,1008
2025-02-08,train,1009
2025-02-08,train,1023
2025-02-08,train,1011
2025-02-08,train,1012
2025-02-08,train,1006
2025-02-08,train,1016
2025-02-08,train,1024
2025-02-08,train,996
2025-02-08,train,1015
2025-02-08,train,1010
2025-02-08,train,1039
2025-02-08,train,1044
2025-02-08,train,1056
2025-02-08,train,1054
2025-02-08,train,1047
2025-02-08,train,1034
2025-02-08,train,1045
2025-02-08,train,1055
2025-02-08,train,1035
2025-02-08,train,1043
2025-02-08,train,1046
2025-02-08,train,1048
2025-02-08,train,1057
2025-02-08,train,1050
2025-02-08,train,1058
2025-02-08,train,1049
2025-02-08,train,1033
2025-02-08,train,1038
2025-02-08,train,1059
2025-02-08,train,1051
2025-02-08,train,1040
2025-02-08,train,1032
2025-02-08,train,1036
2025-02-08,train,1031
2025-02-08,train,1041
2025-02-08,train,1062
2025-02-08,train,1060
2025-02-08,train,1042
2025-02-08,train,1037
2025-02-08,train,1052
2025-02-08,train,1053
2025-02-08,train,1061
2025-02-08,train,1073
2025-02-08,train,1089
2025-02-08,train,1078
2025-02-08,train,1076
2025-02-08,train,1094
2025-02-08,train,1096
2025-02-08,train,1074
2025-02-08,train,1063
2025-02-08,train,1095
2025-02-08,train,1077
2025-02-08,train,1079
2025-02-08,train,1081
2025-02-08,train,1093
2025-02-08,train,1080
2025-02-08,train,1072
2025-02-08,train,1068
2025-02-08,train,1064
2025-02-08,train,1082
2025-02-08,train,1085
2025-02-08,train,1086
2025-02-08,train,1090
2025-02-08,train,1067
2025-02-08,train,1065
2025-02-08,train,1066
2025-02-08,train,1075
2025-02-08,train,1087
2025-02-08,train,1091
2025-02-08,train,1088
2025-02-08,train,1092
2025-02-08,train,1069
2025-02-08,train,1070
2025-02-08,train,1071
2025-02-08,train,1083
2025-02-08,train,1084
2025-02-08,train,1105
2025-02-08,train,1124
2025-02-08,train,1106
2025-02-08,train,1108
2025-02-08,train,1118
2025-02-08,train,1107
2025-02-08,train,1119
2025-02-08,train,1116
2025-02-08,train,1117
2025-02-08,train,1125
2025-02-08,train,1097
2025-02-08,train,1098
2025-02-08,train,1113
2025-02-08,train,1112
2025-02-08,train,1109
2025-02-08,train,1120
2025-02-08,train,1122
2025-02-08,train,1114
2025-02-08,train,1103
2025-02-08,train,1104
2025-02-08,train,1121
2025-02-08,train,1115
2025-02-08,train,1126
2025-02-08,train,1127
2025-02-08,train,1128
2025-02-08,train,1110
2025-02-08,train,1111
2025-02-08,train,1123
2025-02-08,train,1101
2025-02-08,train,1100
2025-02-08,train,1102
2025-02-08,train,1099
2025-02-08,inner_train,115
2025-02-08,inner_train,114
2025-02-08,inner_train,51
2025-02-08,inner_train,57
2025-02-08,inner_train,83
2025-02-08,inner_train,90
2025-02-08,inner_train,127
2025-02-08,inner_train,82
2025-02-08,inner_train,88
2025-02-08,inner_train,63
2025-02-08,inner_train,77
2025-02-08,inner_train,64
2025-02-08,inner_train,74
2025-02-08,inner_train,84
2025-02-08,inner_train,65
2025-02-08,inner_train,49
2025-02-08,inner_train,52
2025-02-08,inner_train,72
2025-02-08,inner_train,48
2025-02-08,inner_train,50
2025-02-08,inner_train,73
2025-02-08,inner_train,53
2025-02-08,inner_train,95
2025-02-08,inner_train,68
2025-02-08,inner_train,67
2025-02-08,inner_train,97
2025-02-08,inner_train,107
2025-02-08,inner_train,70
2025-02-08,inner_train,69
2025-02-08,inner_train,96
2025-02-08,inner_train,71
2025-02-08,inner_train,75
2025-02-08,inner_train,103
2025-02-08,inner_train,76
2025-02-08,inner_train,119
2025-02-08,inner_train,101
2025-02-08,inner_train,120
2025-02-08,inner_train,100
2025-02-08,inner_train,93
2025-02-08,inner_train,108
2025-02-08,inner_train,102
2025-02-08,inner_train,121
2025-02-08,inner_train,122
2025-02-08,inner_train,116
2025-02-08,inner_train,117
2025-02-08,inner_train,80
2025-02-08,inner_train,81
2025-02-08,inner_train,54
2025-02-08,inner_train,109
2025-02-08,inner_train,59
2025-02-08,inner_train,118
2025-02-08,inner_train,104
2025-02-08,inner_train,66
2025-02-08,inner_train,105
2025-02-08,inner_train,61
2025-02-08,inner_train,106
2025-02-08,inner_train,62
2025-02-08,inner_train,55
2025-02-08,inner_train,98
2025-02-08,inner_train,56
2025-02-08,inner_train,60
2025-02-08,inner_train,99
2025-02-08,inner_train,94
2025-02-08,inner_train,111
2025-02-08,inner_train,92
2025-02-08,inner_train,85
2025-02-08,inner_train,124
2025-02-08,inner_train,91
2025-02-08,inner_train,123
2025-02-08,inner_train,86
2025-02-08,inner_train,166
2025-02-08,inner_train,125
2025-02-08,inner_train,133
2025-02-08,inner_train,159
2025-02-08,inner_train,150
2025-02-08,inner_train,163
2025-02-08,inner_train,162
2025-02-08,inner_train,134
2025-02-08,inner_train,164
2025-02-08,inner_train,149
2025-02-08,inner_train,165
2025-02-08,inner_train,144
2025-02-08,inner_train,145
2025-02-08,inner_train,158
2025-02-08,inner_train,160
2025-02-08,inner_train,151
2025-02-08,inner_train,152
2025-02-08,inner_train,128
2025-02-08,inner_train,147
2025-02-08,inner_train,135
2025-02-08,inner_train,130
2025-02-08,inner_train,129
2025-02-08,inner_train,155
2025-02-08,inner_train,143
2025-02-08,inner_train,131
2025-02-08,inner_train,161
2025-02-08,inner_train,154
2025-02-08,inner_train,142
2025-02-08,inner_train,132
2025-02-08,inner_train,141
2025-02-08,inner_train,156
2025-02-08,inner_train,157
2025-02-08,inner_train,153
2025-02-08,inner_train,140
2025-02-08,inner_train,138
2025-02-08,inner_train,136
2025-02-08,inner_train,137
2025-02-08,inner_train,146
2025-02-08,inner_train,139
2025-02-08,inner_train,148
2025-02-08,inner_train,175
2025-02-08,inner_train,189
2025-02-08,inner_train,176
2025-02-08,inner_train,174
2025-02-08,inner_train,193
2025-02-08,inner_train,172
2025-02-08,inner_train,168
2025-02-08,inner_train,182
2025-02-08,inner_train,181
2025-02-08,inner_train,171
2025-02-08,inner_train,170
2025-02-08,inner_train,169
2025-02-08,inner_train,183
2025-02-08,inner_train,178
2025-02-08,inner_train,167
2025-02-08,inner_train,184
2025-02-08,inner_train,177
2025-02-08,inner_train,186
2025-02-08,inner_train,173
2025-02-08,inner_train,180
2025-02-08,inner_train,191
2025-02-08,inner_train,190
2025-02-08,inner_train,188
2025-02-08,inner_train,192
2025-02-08,inner_train,187
2025-02-08,inner_train,185
2025-02-08,inner_train,179
2025-02-08,inner_train,221
2025-02-08,inner_train,202
2025-02-08,inner_train,203
2025-02-08,inner_train,217
2025-02-08,inner_train,218
2025-02-08,inner_train,204
2025-02-08,inner_train,205
2025-02-08,inner_train,206
2025-02-08,inner_train,227
2025-02-08,inner_train,229
2025-02-08,inner_train,228
2025-02-08,inner_train,215
2025-02-08,inner_train,222
2025-02-08,inner_train,197
2025-02-08,inner_train,219
2025-02-08,inner_train,220
2025-02-08,inner_train,231
2025-02-08,inner_train,212
2025-02-08,inner_train,230
2025-02-08,inner_train,213
2025-02-08,inner_train,208
2025-02-08,inner_train,216
2025-02-08,inner_train,214
2025-02-08,inner_train,207
2025-02-08,inner_train,194
2025-02-08,inner_train,201
2025-02-08,inner_train,209
2025-02-08,inner_train,195
2025-02-08,inner_train,196
2025-02-08,inner_train,211
2025-02-08,inner_train,224
2025-02-08,inner_train,226
2025-02-08,inner_train,210
2025-02-08,inner_train,223
2025-02-08,inner_train,200
2025-02-08,inner_train,198
2025-02-08,inner_train,225
2025-02-08,inner_train,199
2025-02-08,inner_train,246
2025-02-08,inner_train,251
2025-02-08,inner_train,257
2025-02-08,inner_train,262
2025-02-08,inner_train,245
2025-02-08,inner_train,265
2025-02-08,inner_train,258
2025-02-08,inner_train,248
2025-02-08,inner_train,253
2025-02-08,inner_train,266
2025-02-08,inner_train,269
2025-02-08,inner_train,247
2025-02-08,inner_train,235
2025-02-08,inner_train,255
2025-02-08,inner_train,256
2025-02-08,inner_train,254
2025-02-08,inner_train,267
2025-02-08,inner_train,268
2025-02-08,inner_train,239
2025-02-08,inner_train,236
2025-02-08,inner_train,234
2025-02-08,inner_train,249
2025-02-08,inner_train,238
2025-02-08,inner_train,243
2025-02-08,inner_train,259
2025-02-08,inner_train,261
2025-02-08,inner_train,260
2025-02-08,inner_train,250
2025-02-08,inner_train,244
2025-02-08,inner_train,240
2025-02-08,inner_train,241
2025-02-08,inner_train,242
2025-02-08,inner_train,263
2025-02-08,inner_train,232
2025-02-08,inner_train,233
2025-02-08,inner_train,264
2025-02-08,inner_train,237
2025-02-08,inner_train,252
2025-02-08,inner_train,281
2025-02-08,inner_train,282
2025-02-08,inner_train,320
2025-02-08,inner_train,293
2025-02-08,inner_train,321
2025-02-08,inner_train,322
2025-02-08,inner_train,323
2025-02-08,inner_train,304
2025-02-08,inner_train,310
2025-02-08,inner_train,294
2025-02-08,inner_train,319
2025-02-08,inner_train,324
2025-02-08,inner_train,302
2025-02-08,inner_train,308
2025-02-08,inner_train,295
2025-02-08,inner_train,300
2025-02-08,inner_train,311
2025-02-08,inner_train,280
2025-02-08,inner_train,301
2025-02-08,inner_train,316
2025-02-08,inner_train,296
2025-02-08,inner_train,317
2025-02-08,inner_train,303
2025-02-08,inner_train,318
2025-02-08,inner_train,306
2025-02-08,inner_train,297
2025-02-08,inner_train,305
2025-02-08,inner_train,307
2025-02-08,inner_train,275
2025-02-08,inner_train,312
2025-02-08,inner_train,271
2025-02-08,inner_train,279
2025-02-08,inner_train,287
2025-02-08,inner_train,299
2025-02-08,inner_train,298
2025-02-08,inner_train,276
2025-02-08,inner_train,277
2025-02-08,inner_train,270
2025-02-08,inner_train,286
2025-02-08,inner_train,288
2025-02-08,inner_train,283
2025-02-08,inner_train,284
2025-02-08,inner_train,314
2025-02-08,inner_train,272
2025-02-08,inner_train,290
2025-02-08,inner_train,278
2025-02-08,inner_train,313
2025-02-08,inner_train,285
2025-02-08,inner_train,315
2025-02-08,inner_train,291
2025-02-08,inner_train,292
2025-02-08,inner_train,273
2025-02-08,inner_train,274
2025-02-08,inner_train,309
2025-02-08,inner_train,365
2025-02-08,inner_train,343
2025-02-08,inner_train,352
2025-02-08,inner_train,359
2025-02-08,inner_train,325
2025-02-08,inner_train,360
2025-02-08,inner_train,363
2025-02-08,inner_train,364
2025-02-08,inner_train,340
2025-02-08,inner_train,327
2025-02-08,inner_train,326
2025-02-08,inner_train,355
2025-02-08,inner_train,356
2025-02-08,inner_train,336
2025-02-08,inner_train,362
2025-02-08,inner_train,361
2025-02-08,inner_train,353
2025-02-08,inner_train,354
2025-02-08,inner_train,338
2025-02-08,inner_train,333
2025-02-08,inner_train,347
2025-02-08,inner_train,346
2025-02-08,inner_train,337
2025-02-08,inner_train,366
2025-02-08,inner_train,367
2025-02-08,inner_train,368
2025-02-08,inner_train,350
2025-02-08,inner_train,341
2025-02-08,inner_train,342
2025-02-08,inner_train,348
2025-02-08,inner_train,344
2025-02-08,inner_train,345
2025-02-08,inner_train,357
2025-02-08,inner_train,358
2025-02-08,inner_train,349
2025-02-08,inner_train,339
2025-02-08,inner_train,351
2025-02-08,inner_train,334
2025-02-08,inner_train,332
2025-02-08,inner_train,331
2025-02-08,inner_train,335
2025-02-08,inner_train,328
2025-02-08,inner_train,329
2025-02-08,inner_train,330
2025-02-08,inner_train,393
2025-02-08,inner_train,379
2025-02-08,inner_train,371
2025-02-08,inner_train,400
2025-02-08,inner_train,401
2025-02-08,inner_train,372
2025-02-08,inner_train,402
2025-02-08,inner_train,395
2025-02-08,inner_train,373
2025-02-08,inner_train,398
2025-02-08,inner_train,396
2025-02-08,inner_train,374
2025-02-08,inner_train,404
2025-02-08,inner_train,403
2025-02-08,inner_train,390
2025-02-08,inner_train,399
2025-02-08,inner_train,375
2025-02-08,inner_train,394
2025-02-08,inner_train,397
2025-02-08,inner_train,376
2025-02-08,inner_train,377
2025-02-08,inner_train,378
2025-02-08,inner_train,386
2025-02-08,inner_train,387
2025-02-08,inner_train,385
2025-02-08,inner_train,382
2025-02-08,inner_train,369
2025-02-08,inner_train,370
2025-02-08,inner_train,383
2025-02-08,inner_train,384
2025-02-08,inner_train,392
2025-02-08,inner_train,388
2025-02-08,inner_train,380
2025-02-08,inner_train,391
2025-02-08,inner_train,381
2025-02-08,inner_train,389
2025-02-08,inner_train,415
2025-02-08,inner_train,416
2025-02-08,inner_train,406
2025-02-08,inner_train,418
2025-02-08,inner_train,413
2025-02-08,inner_train,407
2025-02-08,inner_train,419
2025-02-08,inner_train,429
2025-02-08,inner_train,431
2025-02-08,inner_train,432
2025-02-08,inner_train,417
2025-02-08,inner_train,420
2025-02-08,inner_train,433
2025-02-08,inner_train,414
2025-02-08,inner_train,405
2025-02-08,inner_train,411
2025-02-08,inner_train,430
2025-02-08,inner_train,408
2025-02-08,inner_train,427
2025-02-08,inner_train,422
2025-02-08,inner_train,423
2025-02-08,inner_train,410
2025-02-08,inner_train,409
2025-02-08,inner_train,426
2025-02-08,inner_train,412
2025-02-08,inner_train,421
2025-02-08,inner_train,424
2025-02-08,inner_train,425
2025-02-08,inner_train,428
2025-02-08,inner_train,451
2025-02-08,inner_train,470
2025-02-08,inner_train,452
2025-02-08,inner_train,463
2025-02-08,inner_train,466
2025-02-08,inner_train,441
2025-02-08,inner_train,456
2025-02-08,inner_train,450
2025-02-08,inner_train,453
2025-02-08,inner_train,442
2025-02-08,inner_train,449
2025-02-08,inner_train,448
2025-02-08,inner_train,434
2025-02-08,inner_train,435
2025-02-08,inner_train,447
2025-02-08,inner_train,443
2025-02-08,inner_train,445
2025-02-08,inner_train,444
2025-02-08,inner_train,457
2025-02-08,inner_train,458
2025-02-08,inner_train,438
2025-02-08,inner_train,436
2025-02-08,inner_train,460
2025-02-08,inner_train,461
2025-02-08,inner_train,446
2025-02-08,inner_train,467
2025-02-08,inner_train,468
2025-02-08,inner_train,462
2025-02-08,inner_train,454
2025-02-08,inner_train,455
2025-02-08,inner_train,439
2025-02-08,inner_train,440
2025-02-08,inner_train,437
2025-02-08,inner_train,469
2025-02-08,inner_train,464
2025-02-08,inner_train,465
2025-02-08,inner_train,476
2025-02-08,inner_train,477
2025-02-08,inner_train,502
2025-02-08,inner_train,503
2025-02-08,inner_train,478
2025-02-08,inner_train,472
2025-02-08,inner_train,498
2025-02-08,inner_train,497
2025-02-08,inner_train,473
2025-02-08,inner_train,507
2025-02-08,inner_train,508
2025-02-08,inner_train,479
2025-02-08,inner_train,474
2025-02-08,inner_train,480
2025-02-08,inner_train,494
2025-02-08,inner_train,484
2025-02-08,inner_train,485
2025-02-08,inner_train,495
2025-02-08,inner_train,475
2025-02-08,inner_train,500
2025-02-08,inner_train,481
2025-02-08,inner_train,487
2025-02-08,inner_train,492
2025-02-08,inner_train,493
2025-02-08,inner_train,501
2025-02-08,inner_train,499
2025-02-08,inner_train,509
2025-02-08,inner_train,496
2025-02-08,inner_train,471
2025-02-08,inner_train,486
2025-02-08,inner_train,505
2025-02-08,inner_train,482
2025-02-08,inner_train,483
2025-02-08,inner_train,490
2025-02-08,inner_train,506
2025-02-08,inner_train,489
2025-02-08,inner_train,488
2025-02-08,inner_train,525
2025-02-08,inner_train,514
2025-02-08,inner_train,528
2025-02-08,inner_train,511
2025-02-08,inner_train,510
2025-02-08,inner_train,531
2025-02-08,inner_train,526
2025-02-08,inner_train,536
2025-02-08,inner_train,530
2025-02-08,inner_train,534
2025-02-08,inner_train,524
2025-02-08,inner_train,527
2025-02-08,inner_train,521
2025-02-08,inner_train,532
2025-02-08,inner_train,518
2025-02-08,inner_train,519
2025-02-08,inner_train,513
2025-02-08,inner_train,512
2025-02-08,inner_train,533
2025-02-08,inner_train,523
2025-02-08,inner_train,535
2025-02-08,inner_train,522
2025-02-08,inner_train,516
2025-02-08,inner_train,520
2025-02-08,inner_train,515
2025-02-08,inner_train,517
2025-02-08,inner_train,529
2025-02-08,inner_train,546
2025-02-08,inner_train,548
2025-02-08,inner_train,547
2025-02-08,inner_train,549
2025-02-08,inner_train,552
2025-02-08,inner_train,537
2025-02-08,inner_train,538
2025-02-08,inner_train,540
2025-02-08,inner_train,543
2025-02-08,inner_train,545
2025-02-08,inner_train,544
2025-02-08,inner_train,560
2025-02-08,inner_train,561
2025-02-08,inner_train,562
2025-02-08,inner_train,563
2025-02-08,inner_train,557
2025-02-08,inner_train,559
2025-02-08,inner_train,550
2025-02-08,inner_train,554
2025-02-08,inner_train,556
2025-02-08,inner_train,553
2025-02-08,inner_train,555
2025-02-08,inner_train,541
2025-02-08,inner_train,542
2025-02-08,inner_train,551
2025-02-08,inner_train,539
2025-02-08,inner_train,558
2025-02-08,inner_train,574
2025-02-08,inner_train,575
2025-02-08,inner_train,583
2025-02-08,inner_train,586
2025-02-08,inner_train,587
2025-02-08,inner_train,597
2025-02-08,inner_train,584
2025-02-08,inner_train,585
2025-02-08,inner_train,590
2025-02-08,inner_train,588
2025-02-08,inner_train,591
2025-02-08,inner_train,592
2025-02-08,inner_train,564
2025-02-08,inner_train,579
2025-02-08,inner_train,580
2025-02-08,inner_train,578
2025-02-08,inner_train,576
2025-02-08,inner_train,577
2025-02-08,inner_train,601
2025-02-08,inner_train,593
2025-02-08,inner_train,566
2025-02-08,inner_train,565
2025-02-08,inner_train,594
2025-02-08,inner_train,569
2025-02-08,inner_train,596
2025-02-08,inner_train,595
2025-02-08,inner_train,602
2025-02-08,inner_train,581
2025-02-08,inner_train,582
2025-02-08,inner_train,603
2025-02-08,inner_train,604
2025-02-08,inner_train,605
2025-02-08,inner_train,571
2025-02-08,inner_train,570
2025-02-08,inner_train,567
2025-02-08,inner_train,568
2025-02-08,inner_train,572
2025-02-08,inner_train,589
2025-02-08,inner_train,598
2025-02-08,inner_train,599
2025-02-08,inner_train,600
2025-02-08,inner_train,573
2025-02-08,inner_train,609
2025-02-08,inner_train,610
2025-02-08,inner_train,618
2025-02-08,inner_train,606
2025-02-08,inner_train,622
2025-02-08,inner_train,623
2025-02-08,inner_train,611
2025-02-08,inner_train,619
2025-02-08,inner_train,627
2025-02-08,inner_train,628
2025-02-08,inner_train,615
2025-02-08,inner_train,624
2025-02-08,inner_train,612
2025-02-08,inner_train,613
2025-02-08,inner_train,614
2025-02-08,inner_train,629
2025-02-08,inner_train,631
2025-02-08,inner_train,617
2025-02-08,inner_train,625
2025-02-08,inner_train,637
2025-02-08,inner_train,632
2025-02-08,inner_train,616
2025-02-08,inner_train,626
2025-02-08,inner_train,638
2025-02-08,inner_train,633
2025-02-08,inner_train,608
2025-02-08,inner_train,607
2025-02-08,inner_train,641
2025-02-08,inner_train,620
2025-02-08,inner_train,636
2025-02-08,inner_train,634
2025-02-08,inner_train,630
2025-02-08,inner_train,621
2025-02-08,inner_train,635
2025-02-08,inner_train,639
2025-02-08,inner_train,640
2025-02-08,inner_train,673
2025-02-08,inner_train,674
2025-02-08,inner_train,654
2025-02-08,inner_train,675
2025-02-08,inner_train,656
2025-02-08,inner_train,657
2025-02-08,inner_train,661
2025-02-08,inner_train,671
2025-02-08,inner_train,648
2025-02-08,inner_train,672
2025-02-08,inner_train,653
2025-02-08,inner_train,667
2025-02-08,inner_train,642
2025-02-08,inner_train,650
2025-02-08,inner_train,646
2025-02-08,inner_train,647
2025-02-08,inner_train,662
2025-02-08,inner_train,643
2025-02-08,inner_train,670
2025-02-08,inner_train,669
2025-02-08,inner_train,663
2025-02-08,inner_train,659
2025-02-08,inner_train,668
2025-02-08,inner_train,658
2025-02-08,inner_train,649
2025-02-08,inner_train,676
2025-02-08,inner_train,664
2025-02-08,inner_train,666
2025-02-08,inner_train,665
2025-02-08,inner_train,660
2025-02-08,inner_train,651
2025-02-08,inner_train,706
2025-02-08,inner_train,652
2025-02-08,inner_train,677
2025-02-08,inner_train,655
2025-02-08,inner_train,644
2025-02-08,inner_train,714
2025-02-08,inner_train,645
2025-02-08,inner_train,682
2025-02-08,inner_train,681
2025-02-08,inner_train,689
2025-02-08,inner_train,696
2025-02-08,inner_train,695
2025-02-08,inner_train,690
2025-02-08,inner_train,691
2025-02-08,inner_train,713
2025-02-08,inner_train,683
2025-02-08,inner_train,684
2025-02-08,inner_train,700
2025-02-08,inner_train,688
2025-02-08,inner_train,702
2025-02-08,inner_train,703
2025-02-08,inner_train,705
2025-02-08,inner_train,686
2025-02-08,inner_train,687
2025-02-08,inner_train,704
2025-02-08,inner_train,693
2025-02-08,inner_train,678
2025-02-08,inner_train,694
2025-02-08,inner_train,685
2025-02-08,inner_train,701
2025-02-08,inner_train,699
2025-02-08,inner_train,679
2025-02-08,inner_train,707
2025-02-08,inner_train,708
2025-02-08,inner_train,698
2025-02-08,inner_train,680
2025-02-08,inner_train,709
2025-02-08,inner_train,712
2025-02-08,inner_train,710
2025-02-08,inner_train,697
2025-02-08,inner_train,692
2025-02-08,inner_train,711
2025-02-08,inner_train,741
2025-02-08,inner_train,732
2025-02-08,inner_train,733
2025-02-08,inner_train,766
2025-02-08,inner_train,742
2025-02-08,inner_train,728
2025-02-08,inner_train,724
2025-02-08,inner_train,718
2025-02-08,inner_train,765
2025-02-08,inner_train,740
2025-02-08,inner_train,743
2025-02-08,inner_train,727
2025-02-08,inner_train,748
2025-02-08,inner_train,729
2025-02-08,inner_train,725
2025-02-08,inner_train,744
2025-02-08,inner_train,763
2025-02-08,inner_train,762
2025-02-08,inner_train,753
2025-02-08,inner_train,726
2025-02-08,inner_train,721
2025-02-08,inner_train,730
2025-02-08,inner_train,755
2025-02-08,inner_train,764
2025-02-08,inner_train,749
2025-02-08,inner_train,750
2025-02-08,inner_train,754
2025-02-08,inner_train,722
2025-02-08,inner_train,723
2025-02-08,inner_train,719
2025-02-08,inner_train,751
2025-02-08,inner_train,752
2025-02-08,inner_train,731
2025-02-08,inner_train,720
2025-02-08,inner_train,735
2025-02-08,inner_train,715
2025-02-08,inner_train,716
2025-02-08,inner_train,758
2025-02-08,inner_train,761
2025-02-08,inner_train,736
2025-02-08,inner_train,738
2025-02-08,inner_train,737
2025-02-08,inner_train,756
2025-02-08,inner_train,759
2025-02-08,inner_train,760
2025-02-08,inner_train,746
2025-02-08,inner_train,739
2025-02-08,inner_train,717
2025-02-08,inner_train,757
2025-02-08,inner_train,745
2025-02-08,inner_train,734
2025-02-08,inner_train,747
2025-02-08,inner_train,801
2025-02-08,inner_train,798
2025-02-08,inner_train,802
2025-02-08,inner_train,799
2025-02-08,inner_train,803
2025-02-08,inner_train,788
2025-02-08,inner_train,792
2025-02-08,inner_train,793
2025-02-08,inner_train,804
2025-02-08,inner_train,794
2025-02-08,inner_train,795
2025-02-08,inner_train,790
2025-02-08,inner_train,786
2025-02-08,inner_train,775
2025-02-08,inner_train,785
2025-02-08,inner_train,787
2025-02-08,inner_train,774
2025-02-08,inner_train,789
2025-02-08,inner_train,777
2025-02-08,inner_train,776
2025-02-08,inner_train,773
2025-02-08,inner_train,769
2025-02-08,inner_train,771
2025-02-08,inner_train,780
2025-02-08,inner_train,784
2025-02-08,inner_train,772
2025-02-08,inner_train,781
2025-02-08,inner_train,783
2025-02-08,inner_train,791
2025-02-08,inner_train,770
2025-02-08,inner_train,778
2025-02-08,inner_train,800
2025-02-08,inner_train,782
2025-02-08,inner_train,767
2025-02-08,inner_train,796
2025-02-08,inner_train,779
2025-02-08,inner_train,797
2025-02-08,inner_train,809
2025-02-08,inner_train,817
2025-02-08,inner_train,805
2025-02-08,inner_train,826
2025-02-08,inner_train,806
2025-02-08,inner_train,808
2025-02-08,inner_train,807
2025-02-08,inner_train,827
2025-02-08,inner_train,822
2025-02-08,inner_train,835
2025-02-08,inner_train,820
2025-02-08,inner_train,831
2025-02-08,inner_train,825
2025-02-08,inner_train,833
2025-02-08,inner_train,834
2025-02-08,inner_train,832
2025-02-08,inner_train,823
2025-02-08,inner_train,821
2025-02-08,inner_train,828
2025-02-08,inner_train,824
2025-02-08,inner_train,830
2025-02-08,inner_train,814
2025-02-08,inner_train,811
2025-02-08,inner_train,812
2025-02-08,inner_train,818
2025-02-08,inner_train,816
2025-02-08,inner_train,819
2025-02-08,inner_train,813
2025-02-08,inner_train,810
2025-02-08,inner_train,836
2025-02-08,inner_train,815
2025-02-08,inner_train,853
2025-02-08,inner_train,847
2025-02-08,inner_train,846
2025-02-08,inner_train,845
2025-02-08,inner_train,844
2025-02-08,inner_train,857
2025-02-08,inner_train,840
2025-02-08,inner_train,850
2025-02-08,inner_train,851
2025-02-08,inner_train,852
2025-02-08,inner_train,841
2025-02-08,inner_train,842
2025-02-08,inner_train,865
2025-02-08,inner_train,866
2025-02-08,inner_train,858
2025-02-08,inner_train,860
2025-02-08,inner_train,867
2025-02-08,inner_train,849
2025-02-08,inner_train,854
2025-02-08,inner_train,863
2025-02-08,inner_train,859
2025-02-08,inner_train,861
2025-02-08,inner_train,855
2025-02-08,inner_train,839
2025-02-08,inner_train,864
2025-02-08,inner_train,862
2025-02-08,inner_train,837
2025-02-08,inner_train,856
2025-02-08,inner_train,843
2025-02-08,inner_train,838
2025-02-08,inner_train,848
2025-02-08,inner_train,872
2025-02-08,inner_train,868
2025-02-08,inner_train,892
2025-02-08,inner_train,891
2025-02-08,inner_train,893
2025-02-08,inner_train,877
2025-02-08,inner_train,878
2025-02-08,inner_train,888
2025-02-08,inner_train,887
2025-02-08,inner_train,889
2025-02-08,inner_train,890
2025-02-08,inner_train,884
2025-02-08,inner_train,879
2025-02-08,inner_train,873
2025-02-08,inner_train,869
2025-02-08,inner_train,883
2025-02-08,inner_train,870
2025-02-08,inner_train,896
2025-02-08,inner_train,897
2025-02-08,inner_train,898
2025-02-08,inner_train,894
2025-02-08,inner_train,874
2025-02-08,inner_train,875
2025-02-08,inner_train,876
2025-02-08,inner_train,886
2025-02-08,inner_train,885
2025-02-08,inner_train,895
2025-02-08,inner_train,880
2025-02-08,inner_train,881
2025-02-08,inner_train,882
2025-02-08,inner_train,871
2025-02-08,inner_train,918
2025-02-08,inner_train,930
2025-02-08,inner_train,931
2025-02-08,inner_train,906
2025-02-08,inner_train,914
2025-02-08,inner_train,913
2025-02-08,inner_train,902
2025-02-08,inner_train,929
2025-02-08,inner_train,919
2025-02-08,inner_train,915
2025-02-08,inner_train,916
2025-02-08,inner_train,908
2025-02-08,inner_train,928
2025-02-08,inner_train,926
2025-02-08,inner_train,927
2025-02-08,inner_train,909
2025-02-08,inner_train,910
2025-02-08,inner_train,903
2025-02-08,inner_train,907
2025-02-08,inner_train,921
2025-02-08,inner_train,920
2025-02-08,inner_train,900
2025-02-08,inner_train,917
2025-02-08,inner_train,923
2025-02-08,inner_train,899
2025-02-08,inner_train,911
2025-02-08,inner_train,901
2025-02-08,inner_train,922
2025-02-08,inner_train,924
2025-02-08,inner_train,925
2025-02-08,inner_train,959
2025-02-08,inner_train,958
2025-02-08,inner_train,966
2025-02-08,inner_val,983
2025-02-08,inner_val,993
2025-02-08,inner_val,976
2025-02-08,inner_val,989
2025-02-08,inner_val,1029
2025-02-08,inner_val,998
2025-02-08,inner_val,1013
2025-02-08,inner_val,1001
2025-02-08,inner_val,1030
2025-02-08,inner_val,1000
2025-02-08,inner_val,1025
2025-02-08,inner_val,997
2025-02-08,inner_val,1014
2025-02-08,inner_val,1027
2025-02-08,inner_val,1002
2025-02-08,inner_val,1004
2025-02-08,inner_val,1003
2025-02-08,inner_val,1026
2025-02-08,inner_val,1028
2025-02-08,inner_val,1021
2025-02-08,inner_val,1020
2025-02-08,inner_val,1007
2025-02-08,inner_val,1022
2025-02-08,inner_val,1005
2025-02-08,inner_val,1008
2025-02-08,inner_val,1009
2025-02-08,inner_val,1023
2025-02-08,inner_val,1011
2025-02-08,inner_val,1012
2025-02-08,inner_val,1006
2025-02-08,inner_val,1016
2025-02-08,inner_val,1024
2025-02-08,inner_val,996
2025-02-08,inner_val,1015
2025-02-08,inner_val,1010
2025-02-08,inner_val,1039
2025-02-08,inner_val,1044
2025-02-08,inner_val,1056
2025-02-08,inner_val,1054
2025-02-08,inner_val,1047
2025-02-08,inner_val,1034
2025-02-08,inner_val,1045
2025-02-08,inner_val,1055
2025-02-08,inner_val,1035
2025-02-08,inner_val,1043
2025-02-08,inner_val,1046
2025-02-08,inner_val,1048
2025-02-08,inner_val,1057
2025-02-08,inner_val,1050
2025-02-08,inner_val,1058
2025-02-08,inner_val,1049
2025-02-08,inner_val,1033
2025-02-08,inner_val,1038
2025-02-08,inner_val,1059
2025-02-08,inner_val,1051
2025-02-08,inner_val,1040
2025-02-08,inner_val,1032
2025-02-08,inner_val,1036
2025-02-08,inner_val,1031
2025-02-08,inner_val,1041
2025-02-08,inner_val,1062
2025-02-08,inner_val,1060
2025-02-08,inner_val,1042
2025-02-08,inner_val,1037
2025-02-08,inner_val,1052
2025-02-08,inner_val,1053
2025-02-08,inner_val,1061
2025-02-08,inner_val,1073
2025-02-08,inner_val,1089
2025-02-08,inner_val,1078
2025-02-08,inner_val,1076
2025-02-08,inner_val,1094
2025-02-08,inner_val,1096
2025-02-08,inner_val,1074
2025-02-08,inner_val,1063
2025-02-08,inner_val,1095
2025-02-08,inner_val,1077
2025-02-08,inner_val,1079
2025-02-08,inner_val,1081
2025-02-08,inner_val,1093
2025-02-08,inner_val,1080
2025-02-08,inner_val,1072
2025-02-08,inner_val,1068
2025-02-08,inner_val,1064
2025-02-08,inner_val,1082
2025-02-08,inner_val,1085
2025-02-08,inner_val,1086
2025-02-08,inner_val,1090
2025-02-08,inner_val,1067
2025-02-08,inner_val,1065
2025-02-08,inner_val,1066
2025-02-08,inner_val,1075
2025-02-08,inner_val,1087
2025-02-08,inner_val,1091
2025-02-08,inner_val,1088
2025-02-08,inner_val,1092
2025-02-08,inner_val,1069
2025-02-08,inner_val,1070
2025-02-08,inner_val,1071
2025-02-08,inner_val,1083
2025-02-08,inner_val,1084
2025-02-08,inner_val,1105
2025-02-08,inner_val,1124
2025-02-08,inner_val,1106
2025-02-08,inner_val,1108
2025-02-08,inner_val,1118
2025-02-08,inner_val,1107
2025-02-08,inner_val,1119
2025-02-08,inner_val,1116
2025-02-08,inner_val,1117
2025-02-08,inner_val,1125
2025-02-08,inner_val,1097
2025-02-08,inner_val,1098
2025-02-08,inner_val,1113
2025-02-08,inner_val,1112
2025-02-08,inner_val,1109
2025-02-08,inner_val,1120
2025-02-08,inner_val,1122
2025-02-08,inner_val,1114
2025-02-08,inner_val,1103
2025-02-08,inner_val,1104
2025-02-08,inner_val,1121
2025-02-08,inner_val,1115
2025-02-08,inner_val,1126
2025-02-08,inner_val,1127
2025-02-08,inner_val,1128
2025-02-08,inner_val,1110
2025-02-08,inner_val,1111
2025-02-08,inner_val,1123
2025-02-08,inner_val,1101
2025-02-08,inner_val,1100
2025-02-08,inner_val,1102
2025-02-08,inner_val,1099
2025-02-08,val,1179
2025-02-08,val,1181
2025-02-08,val,1180
2025-02-08,val,1188
2025-02-08,val,1182
2025-02-08,val,1167
2025-02-08,val,1171
2025-02-08,val,1190
2025-02-08,val,1168
2025-02-08,val,1208
2025-02-08,val,1232
2025-02-08,val,1203
2025-02-08,val,1224
2025-02-08,val,1222
2025-02-08,val,1209
2025-02-08,val,1204
2025-02-08,val,1231
2025-02-08,val,1225
2025-02-08,val,1233
2025-02-08,val,1210
2025-02-08,val,1207
2025-02-08,val,1216
2025-02-08,val,1211
2025-02-08,val,1212
2025-02-08,val,1205
2025-02-08,val,1206
2025-02-08,val,1217
2025-02-08,val,1200
2025-02-08,val,1201
2025-02-08,val,1226
2025-02-08,val,1227
2025-02-08,val,1218
2025-02-08,val,1202
2025-02-08,val,1199
2025-02-08,val,1228
2025-02-08,val,1219
2025-02-08,val,1234
2025-02-08,val,1235
2025-02-08,val,1213
2025-02-08,val,1221
2025-02-08,val,1220
2025-02-08,val,1229
2025-02-08,val,1230
2025-02-08,val,1214
2025-02-08,val,1215
2025-02-08,val,1263
2025-02-08,val,1239
2025-02-08,val,1246
2025-02-08,val,1247
2025-02-08,val,1264
2025-02-08,val,1271
2025-02-08,val,1272
2025-02-08,val,1238
2025-02-08,val,1269
2025-02-08,val,1261
2025-02-08,val,1273
2025-02-08,val,1274
2025-02-08,val,1242
2025-02-08,val,1259
2025-02-08,val,1243
2025-02-08,val,1251
2025-02-08,val,1252
2025-02-08,val,1244
2025-02-08,val,1254
2025-02-08,val,1267
2025-02-08,val,1268
2025-02-08,val,1245
2025-02-08,val,1255
2025-02-08,val,1241
2025-02-08,val,1240
2025-02-08,val,1236
2025-02-08,val,1250
2025-02-08,val,1266
2025-02-08,val,1275
2025-02-08,val,1276
2025-02-08,val,1248
2025-02-08,val,1262
2025-02-08,val,1265
2025-02-08,val,1256
2025-02-08,val,1277
2025-02-08,val,1260
2025-02-08,val,1237
2025-02-08,val,1270
2025-02-08,val,1253
2025-02-08,val,1249
2025-02-08,val,1257
2025-02-08,val,1258
2025-02-08,val,1307
2025-02-08,val,1308
2025-02-08,val,1295
2025-02-08,val,1280
2025-02-08,val,1283
2025-02-08,val,1287
2025-02-08,val,1294
2025-02-08,val,1286
2025-02-08,val,1297
2025-02-08,val,1296
2025-02-08,val,1293
2025-02-08,val,1288
2025-02-08,val,1298
2025-02-08,val,1300
2025-02-08,val,1306
2025-02-08,val,1305
2025-02-08,val,1301
2025-02-08,val,1282
2025-02-08,val,1281
2025-02-08,val,1302
2025-02-08,val,1303
2025-02-08,val,1290
2025-02-08,val,1284
2025-02-08,val,1304
2025-02-08,val,1291
2025-02-08,val,1285
2025-02-08,val,1289
2025-02-08,val,1278
2025-02-08,val,1279
2025-02-08,val,1292
2025-02-08,val,1309
2025-02-08,val,1299
2025-02-08,val,1330
2025-02-08,val,1331
2025-02-08,val,1332
2025-02-08,val,1318
2025-02-08,val,1339
2025-02-08,val,1313
2025-02-08,val,1310
2025-02-08,val,1319
2025-02-08,val,1333
2025-02-08,val,1336
2025-02-08,val,1311
2025-02-08,val,1312
2025-02-08,val,1334
2025-02-08,val,1314
2025-02-08,val,1316
2025-02-08,val,1335
2025-02-08,val,1323
2025-02-08,val,1324
2025-02-08,val,1317
2025-02-08,val,1328
2025-02-08,val,1340
2025-02-08,val,1320
2025-02-08,val,1315
2025-02-08,val,1329
2025-02-08,val,1321
2025-02-08,val,1325
2025-02-08,val,1341
2025-02-08,val,1343
2025-02-08,val,1342
2025-02-08,val,1326
2025-02-08,val,1370
2025-02-08,val,1371
2025-02-15,train,115
2025-02-15,train,114
2025-02-15,train,51
2025-02-15,train,57
2025-02-15,train,83
2025-02-15,train,90
2025-02-15,train,127
2025-02-15,train,82
2025-02-15,train,88
2025-02-15,train,63
2025-02-15,train,77
2025-02-15,train,64
2025-02-15,train,74
2025-02-15,train,84
2025-02-15,train,65
2025-02-15,train,49
2025-02-15,train,52
2025-02-15,train,72
2025-02-15,train,48
2025-02-15,train,50
2025-02-15,train,73
2025-02-15,train,53
2025-02-15,train,95
2025-02-15,train,68
2025-02-15,train,67
2025-02-15,train,97
2025-02-15,train,107
2025-02-15,train,70
2025-02-15,train,69
2025-02-15,train,96
2025-02-15,train,71
2025-02-15,train,75
2025-02-15,train,103
2025-02-15,train,76
2025-02-15,train,119
2025-02-15,train,101
2025-02-15,train,120
2025-02-15,train,100
2025-02-15,train,93
2025-02-15,train,108
2025-02-15,train,102
2025-02-15,train,121
2025-02-15,train,122
2025-02-15,train,116
2025-02-15,train,117
2025-02-15,train,80
2025-02-15,train,81
2025-02-15,train,54
2025-02-15,train,109
2025-02-15,train,59
2025-02-15,train,118
2025-02-15,train,104
2025-02-15,train,66
2025-02-15,train,105
2025-02-15,train,61
2025-02-15,train,106
2025-02-15,train,62
2025-02-15,train,55
2025-02-15,train,98
2025-02-15,train,56
2025-02-15,train,60
2025-02-15,train,99
2025-02-15,train,94
2025-02-15,train,111
2025-02-15,train,92
2025-02-15,train,85
2025-02-15,train,124
2025-02-15,train,91
2025-02-15,train,123
2025-02-15,train,86
2025-02-15,train,166
2025-02-15,train,125
2025-02-15,train,133
2025-02-15,train,159
2025-02-15,train,150
2025-02-15,train,163
2025-02-15,train,162
2025-02-15,train,134
2025-02-15,train,164
2025-02-15,train,149
2025-02-15,train,165
2025-02-15,train,144
2025-02-15,train,145
2025-02-15,train,158
2025-02-15,train,160
2025-02-15,train,151
2025-02-15,train,152
2025-02-15,train,128
2025-02-15,train,147
2025-02-15,train,135
2025-02-15,train,130
2025-02-15,train,129
2025-02-15,train,155
2025-02-15,train,143
2025-02-15,train,131
2025-02-15,train,161
2025-02-15,train,154
2025-02-15,train,142
2025-02-15,train,132
2025-02-15,train,141
2025-02-15,train,156
2025-02-15,train,157
2025-02-15,train,153
2025-02-15,train,140
2025-02-15,train,138
2025-02-15,train,136
2025-02-15,train,137
2025-02-15,train,146
2025-02-15,train,139
2025-02-15,train,148
2025-02-15,train,175
2025-02-15,train,189
2025-02-15,train,176
2025-02-15,train,174
2025-02-15,train,193
2025-02-15,train,172
2025-02-15,train,168
2025-02-15,train,182
2025-02-15,train,181
2025-02-15,train,171
2025-02-15,train,170
2025-02-15,train,169
2025-02-15,train,183
2025-02-15,train,178
2025-02-15,train,167
2025-02-15,train,184
2025-02-15,train,177
2025-02-15,train,186
2025-02-15,train,173
2025-02-15,train,180
2025-02-15,train,191
2025-02-15,train,190
2025-02-15,train,188
2025-02-15,train,192
2025-02-15,train,187
2025-02-15,train,185
2025-02-15,train,179
2025-02-15,train,221
2025-02-15,train,202
2025-02-15,train,203
2025-02-15,train,217
2025-02-15,train,218
2025-02-15,train,204
2025-02-15,train,205
2025-02-15,train,206
2025-02-15,train,227
2025-02-15,train,229
2025-02-15,train,228
2025-02-15,train,215
2025-02-15,train,222
2025-02-15,train,197
2025-02-15,train,219
2025-02-15,train,220
2025-02-15,train,231
2025-02-15,train,212
2025-02-15,train,230
2025-02-15,train,213
2025-02-15,train,208
2025-02-15,train,216
2025-02-15,train,214
2025-02-15,train,207
2025-02-15,train,194
2025-02-15,train,201
2025-02-15,train,209
2025-02-15,train,195
2025-02-15,train,196
2025-02-15,train,211
2025-02-15,train,224
2025-02-15,train,226
2025-02-15,train,210
2025-02-15,train,223
2025-02-15,train,200
2025-02-15,train,198
2025-02-15,train,225
2025-02-15,train,199
2025-02-15,train,246
2025-02-15,train,251
2025-02-15,train,257
2025-02-15,train,262
2025-02-15,train,245
2025-02-15,train,265
2025-02-15,train,258
2025-02-15,train,248
2025-02-15,train,253
2025-02-15,train,266
2025-02-15,train,269
2025-02-15,train,247
2025-02-15,train,235
2025-02-15,train,255
2025-02-15,train,256
2025-02-15,train,254
2025-02-15,train,267
2025-02-15,train,268
2025-02-15,train,239
2025-02-15,train,236
2025-02-15,train,234
2025-02-15,train,249
2025-02-15,train,238
2025-02-15,train,243
2025-02-15,train,259
2025-02-15,train,261
2025-02-15,train,260
2025-02-15,train,250
2025-02-15,train,244
2025-02-15,train,240
2025-02-15,train,241
2025-02-15,train,242
2025-02-15,train,263
2025-02-15,train,232
2025-02-15,train,233
2025-02-15,train,264
2025-02-15,train,237
2025-02-15,train,252
2025-02-15,train,281
2025-02-15,train,282
2025-02-15,train,320
2025-02-15,train,293
2025-02-15,train,321
2025-02-15,train,322
2025-02-15,train,323
2025-02-15,train,304
2025-02-15,train,310
2025-02-15,train,294
2025-02-15,train,319
2025-02-15,train,324
2025-02-15,train,302
2025-02-15,train,308
2025-02-15,train,295
2025-02-15,train,300
2025-02-15,train,311
2025-02-15,train,280
2025-02-15,train,301
2025-02-15,train,316
2025-02-15,train,296
2025-02-15,train,317
2025-02-15,train,303
2025-02-15,train,318
2025-02-15,train,306
2025-02-15,train,297
2025-02-15,train,305
2025-02-15,train,307
2025-02-15,train,275
2025-02-15,train,312
2025-02-15,train,271
2025-02-15,train,279
2025-02-15,train,287
2025-02-15,train,299
2025-02-15,train,298
2025-02-15,train,276
2025-02-15,train,277
2025-02-15,train,270
2025-02-15,train,286
2025-02-15,train,288
2025-02-15,train,283
2025-02-15,train,284
2025-02-15,train,314
2025-02-15,train,272
2025-02-15,train,290
2025-02-15,train,278
2025-02-15,train,313
2025-02-15,train,285
2025-02-15,train,315
2025-02-15,train,291
2025-02-15,train,292
2025-02-15,train,273
2025-02-15,train,274
2025-02-15,train,309
2025-02-15,train,365
2025-02-15,train,343
2025-02-15,train,352
2025-02-15,train,359
2025-02-15,train,325
2025-02-15,train,360
2025-02-15,train,363
2025-02-15,train,364
2025-02-15,train,340
2025-02-15,train,327
2025-02-15,train,326
2025-02-15,train,355
2025-02-15,train,356
2025-02-15,train,336
2025-02-15,train,362
2025-02-15,train,361
2025-02-15,train,353
2025-02-15,train,354
2025-02-15,train,338
2025-02-15,train,333
2025-02-15,train,347
2025-02-15,train,346
2025-02-15,train,337
2025-02-15,train,366
2025-02-15,train,367
2025-02-15,train,368
2025-02-15,train,350
2025-02-15,train,341
2025-02-15,train,342
2025-02-15,train,348
2025-02-15,train,344
2025-02-15,train,345
2025-02-15,train,357
2025-02-15,train,358
2025-02-15,train,349
2025-02-15,train,339
2025-02-15,train,351
2025-02-15,train,334
2025-02-15,train,332
2025-02-15,train,331
2025-02-15,train,335
2025-02-15,train,328
2025-02-15,train,329
2025-02-15,train,330
2025-02-15,train,393
2025-02-15,train,379
2025-02-15,train,371
2025-02-15,train,400
2025-02-15,train,401
2025-02-15,train,372
2025-02-15,train,402
2025-02-15,train,395
2025-02-15,train,373
2025-02-15,train,398
2025-02-15,train,396
2025-02-15,train,374
2025-02-15,train,404
2025-02-15,train,403
2025-02-15,train,390
2025-02-15,train,399
2025-02-15,train,375
2025-02-15,train,394
2025-02-15,train,397
2025-02-15,train,376
2025-02-15,train,377
2025-02-15,train,378
2025-02-15,train,386
2025-02-15,train,387
2025-02-15,train,385
2025-02-15,train,382
2025-02-15,train,369
2025-02-15,train,370
2025-02-15,train,383
2025-02-15,train,384
2025-02-15,train,392
2025-02-15,train,388
2025-02-15,train,380
2025-02-15,train,391
2025-02-15,train,381
2025-02-15,train,389
2025-02-15,train,415
2025-02-15,train,416
2025-02-15,train,406
2025-02-15,train,418
2025-02-15,train,413
2025-02-15,train,407
2025-02-15,train,419
2025-02-15,train,429
2025-02-15,train,431
2025-02-15,train,432
2025-02-15,train,417
2025-02-15,train,420
2025-02-15,train,433
2025-02-15,train,414
2025-02-15,train,405
2025-02-15,train,411
2025-02-15,train,430
2025-02-15,train,408
2025-02-15,train,427
2025-02-15,train,422
2025-02-15,train,423
2025-02-15,train,410
2025-02-15,train,409
2025-02-15,train,426
2025-02-15,train,412
2025-02-15,train,421
2025-02-15,train,424
2025-02-15,train,425
2025-02-15,train,428
2025-02-15,train,451
2025-02-15,train,470
2025-02-15,train,452
2025-02-15,train,463
2025-02-15,train,466
2025-02-15,train,441
2025-02-15,train,456
2025-02-15,train,450
2025-02-15,train,453
2025-02-15,train,442
2025-02-15,train,449
2025-02-15,train,448
2025-02-15,train,434
2025-02-15,train,435
2025-02-15,train,447
2025-02-15,train,443
2025-02-15,train,445
2025-02-15,train,444
2025-02-15,train,457
2025-02-15,train,458
2025-02-15,train,438
2025-02-15,train,436
2025-02-15,train,460
2025-02-15,train,461
2025-02-15,train,446
2025-02-15,train,467
2025-02-15,train,468
2025-02-15,train,462
2025-02-15,train,454
2025-02-15,train,455
2025-02-15,train,439
2025-02-15,train,440
2025-02-15,train,437
2025-02-15,train,469
2025-02-15,train,464
2025-02-15,train,465
2025-02-15,train,476
2025-02-15,train,477
2025-02-15,train,502
2025-02-15,train,503
2025-02-15,train,478
2025-02-15,train,472
2025-02-15,train,498
2025-02-15,train,497
2025-02-15,train,473
2025-02-15,train,507
2025-02-15,train,508
2025-02-15,train,479
2025-02-15,train,474
2025-02-15,train,480
2025-02-15,train,494
2025-02-15,train,484
2025-02-15,train,485
2025-02-15,train,495
2025-02-15,train,475
2025-02-15,train,500
2025-02-15,train,481
2025-02-15,train,487
2025-02-15,train,492
2025-02-15,train,493
2025-02-15,train,501
2025-02-15,train,499
2025-02-15,train,509
2025-02-15,train,496
2025-02-15,train,471
2025-02-15,train,486
2025-02-15,train,505
2025-02-15,train,482
2025-02-15,train,483
2025-02-15,train,490
2025-02-15,train,506
2025-02-15,train,489
2025-02-15,train,488
2025-02-15,train,525
2025-02-15,train,514
2025-02-15,train,528
2025-02-15,train,511
2025-02-15,train,510
2025-02-15,train,531
2025-02-15,train,526
2025-02-15,train,536
2025-02-15,train,530
2025-02-15,train,534
2025-02-15,train,524
2025-02-15,train,527
2025-02-15,train,521
2025-02-15,train,532
2025-02-15,train,518
2025-02-15,train,519
2025-02-15,train,513
2025-02-15,train,512
2025-02-15,train,533
2025-02-15,train,523
2025-02-15,train,535
2025-02-15,train,522
2025-02-15,train,516
2025-02-15,train,520
2025-02-15,train,515
2025-02-15,train,517
2025-02-15,train,529
2025-02-15,train,546
2025-02-15,train,548
2025-02-15,train,547
2025-02-15,train,549
2025-02-15,train,552
2025-02-15,train,537
2025-02-15,train,538
2025-02-15,train,540
2025-02-15,train,543
2025-02-15,train,545
2025-02-15,train,544
2025-02-15,train,560
2025-02-15,train,561
2025-02-15,train,562
2025-02-15,train,563
2025-02-15,train,557
2025-02-15,train,559
2025-02-15,train,550
2025-02-15,train,554
2025-02-15,train,556
2025-02-15,train,553
2025-02-15,train,555
2025-02-15,train,541
2025-02-15,train,542
2025-02-15,train,551
2025-02-15,train,539
2025-02-15,train,558
2025-02-15,train,574
2025-02-15,train,575
2025-02-15,train,583
2025-02-15,train,586
2025-02-15,train,587
2025-02-15,train,597
2025-02-15,train,584
2025-02-15,train,585
2025-02-15,train,590
2025-02-15,train,588
2025-02-15,train,591
2025-02-15,train,592
2025-02-15,train,564
2025-02-15,train,579
2025-02-15,train,580
2025-02-15,train,578
2025-02-15,train,576
2025-02-15,train,577
2025-02-15,train,601
2025-02-15,train,593
2025-02-15,train,566
2025-02-15,train,565
2025-02-15,train,594
2025-02-15,train,569
2025-02-15,train,596
2025-02-15,train,595
2025-02-15,train,602
2025-02-15,train,581
2025-02-15,train,582
2025-02-15,train,603
2025-02-15,train,604
2025-02-15,train,605
2025-02-15,train,571
2025-02-15,train,570
2025-02-15,train,567
2025-02-15,train,568
2025-02-15,train,572
2025-02-15,train,589
2025-02-15,train,598
2025-02-15,train,599
2025-02-15,train,600
2025-02-15,train,573
2025-02-15,train,609
2025-02-15,train,610
2025-02-15,train,618
2025-02-15,train,606
2025-02-15,train,622
2025-02-15,train,623
2025-02-15,train,611
2025-02-15,train,619
2025-02-15,train,627
2025-02-15,train,628
2025-02-15,train,615
2025-02-15,train,624
2025-02-15,train,612
2025-02-15,train,613
2025-02-15,train,614
2025-02-15,train,629
2025-02-15,train,631
2025-02-15,train,617
2025-02-15,train,625
2025-02-15,train,637
2025-02-15,train,632
2025-02-15,train,616
2025-02-15,train,626
2025-02-15,train,638
2025-02-15,train,633
2025-02-15,train,608
2025-02-15,train,607
2025-02-15,train,641
2025-02-15,train,620
2025-02-15,train,636
2025-02-15,train,634
2025-02-15,train,630
2025-02-15,train,621
2025-02-15,train,635
2025-02-15,train,639
2025-02-15,train,640
2025-02-15,train,673
2025-02-15,train,674
2025-02-15,train,654
2025-02-15,train,675
2025-02-15,train,656
2025-02-15,train,657
2025-02-15,train,661
2025-02-15,train,671
2025-02-15,train,648
2025-02-15,train,672
2025-02-15,train,653
2025-02-15,train,667
2025-02-15,train,642
2025-02-15,train,650
2025-02-15,train,646
2025-02-15,train,647
2025-02-15,train,662
2025-02-15,train,643
2025-02-15,train,670
2025-02-15,train,669
2025-02-15,train,663
2025-02-15,train,659
2025-02-15,train,668
2025-02-15,train,658
2025-02-15,train,649
2025-02-15,train,676
2025-02-15,train,664
2025-02-15,train,666
2025-02-15,train,665
2025-02-15,train,660
2025-02-15,train,651
2025-02-15,train,706
2025-02-15,train,652
2025-02-15,train,677
2025-02-15,train,655
2025-02-15,train,644
2025-02-15,train,714
2025-02-15,train,645
2025-02-15,train,682
2025-02-15,train,681
2025-02-15,train,689
2025-02-15,train,696
2025-02-15,train,695
2025-02-15,train,690
2025-02-15,train,691
2025-02-15,train,713
2025-02-15,train,683
2025-02-15,train,684
2025-02-15,train,700
2025-02-15,train,688
2025-02-15,train,702
2025-02-15,train,703
2025-02-15,train,705
2025-02-15,train,686
2025-02-15,train,687
2025-02-15,train,704
2025-02-15,train,693
2025-02-15,train,678
2025-02-15,train,694
2025-02-15,train,685
2025-02-15,train,701
2025-02-15,train,699
2025-02-15,train,679
2025-02-15,train,707
2025-02-15,train,708
2025-02-15,train,698
2025-02-15,train,680
2025-02-15,train,709
2025-02-15,train,712
2025-02-15,train,710
2025-02-15,train,697
2025-02-15,train,692
2025-02-15,train,711
2025-02-15,train,741
2025-02-15,train,732
2025-02-15,train,733
2025-02-15,train,766
2025-02-15,train,742
2025-02-15,train,728
2025-02-15,train,724
2025-02-15,train,718
2025-02-15,train,765
2025-02-15,train,740
2025-02-15,train,743
2025-02-15,train,727
2025-02-15,train,748
2025-02-15,train,729
2025-02-15,train,725
2025-02-15,train,744
2025-02-15,train,763
2025-02-15,train,762
2025-02-15,train,753
2025-02-15,train,726
2025-02-15,train,721
2025-02-15,train,730
2025-02-15,train,755
2025-02-15,train,764
2025-02-15,train,749
2025-02-15,train,750
2025-02-15,train,754
2025-02-15,train,722
2025-02-15,train,723
2025-02-15,train,719
2025-02-15,train,751
2025-02-15,train,752
2025-02-15,train,731
2025-02-15,train,720
2025-02-15,train,735
2025-02-15,train,715
2025-02-15,train,716
2025-02-15,train,758
2025-02-15,train,761
2025-02-15,train,736
2025-02-15,train,738
2025-02-15,train,737
2025-02-15,train,756
2025-02-15,train,759
2025-02-15,train,760
2025-02-15,train,746
2025-02-15,train,739
2025-02-15,train,717
2025-02-15,train,757
2025-02-15,train,745
2025-02-15,train,734
2025-02-15,train,747
2025-02-15,train,801
2025-02-15,train,798
2025-02-15,train,802
2025-02-15,train,799
2025-02-15,train,803
2025-02-15,train,788
2025-02-15,train,792
2025-02-15,train,793
2025-02-15,train,804
2025-02-15,train,794
2025-02-15,train,795
2025-02-15,train,790
2025-02-15,train,786
2025-02-15,train,775
2025-02-15,train,785
2025-02-15,train,787
2025-02-15,train,774
2025-02-15,train,789
2025-02-15,train,777
2025-02-15,train,776
2025-02-15,train,773
2025-02-15,train,769
2025-02-15,train,771
2025-02-15,train,780
2025-02-15,train,784
2025-02-15,train,772
2025-02-15,train,781
2025-02-15,train,783
2025-02-15,train,791
2025-02-15,train,770
2025-02-15,train,778
2025-02-15,train,800
2025-02-15,train,782
2025-02-15,train,767
2025-02-15,train,796
2025-02-15,train,779
2025-02-15,train,797
2025-02-15,train,809
2025-02-15,train,817
2025-02-15,train,805
2025-02-15,train,826
2025-02-15,train,806
2025-02-15,train,808
2025-02-15,train,807
2025-02-15,train,827
2025-02-15,train,822
2025-02-15,train,835
2025-02-15,train,820
2025-02-15,train,831
2025-02-15,train,825
2025-02-15,train,833
2025-02-15,train,834
2025-02-15,train,832
2025-02-15,train,823
2025-02-15,train,821
2025-02-15,train,828
2025-02-15,train,824
2025-02-15,train,830
2025-02-15,train,814
2025-02-15,train,811
2025-02-15,train,812
2025-02-15,train,818
2025-02-15,train,816
2025-02-15,train,819
2025-02-15,train,813
2025-02-15,train,810
2025-02-15,train,836
2025-02-15,train,815
2025-02-15,train,853
2025-02-15,train,847
2025-02-15,train,846
2025-02-15,train,845
2025-02-15,train,844
2025-02-15,train,857
2025-02-15,train,840
2025-02-15,train,850
2025-02-15,train,851
2025-02-15,train,852
2025-02-15,train,841
2025-02-15,train,842
2025-02-15,train,865
2025-02-15,train,866
2025-02-15,train,858
2025-02-15,train,860
2025-02-15,train,867
2025-02-15,train,849
2025-02-15,train,854
2025-02-15,train,863
2025-02-15,train,859
2025-02-15,train,861
2025-02-15,train,855
2025-02-15,train,839
2025-02-15,train,864
2025-02-15,train,862
2025-02-15,train,837
2025-02-15,train,856
2025-02-15,train,843
2025-02-15,train,838
2025-02-15,train,848
2025-02-15,train,872
2025-02-15,train,868
2025-02-15,train,892
2025-02-15,train,891
2025-02-15,train,893
2025-02-15,train,877
2025-02-15,train,878
2025-02-15,train,888
2025-02-15,train,887
2025-02-15,train,889
2025-02-15,train,890
2025-02-15,train,884
2025-02-15,train,879
2025-02-15,train,873
2025-02-15,train,869
2025-02-15,train,883
2025-02-15,train,870
2025-02-15,train,896
2025-02-15,train,897
2025-02-15,train,898
2025-02-15,train,894
2025-02-15,train,874
2025-02-15,train,875
2025-02-15,train,876
2025-02-15,train,886
2025-02-15,train,885
2025-02-15,train,895
2025-02-15,train,880
2025-02-15,train,881
2025-02-15,train,882
2025-02-15,train,871
2025-02-15,train,918
2025-02-15,train,930
2025-02-15,train,931
2025-02-15,train,906
2025-02-15,train,914
2025-02-15,train,913
2025-02-15,train,902
2025-02-15,train,929
2025-02-15,train,919
2025-02-15,train,915
2025-02-15,train,916
2025-02-15,train,908
2025-02-15,train,904
2025-02-15,train,928
2025-02-15,train,926
2025-02-15,train,927
2025-02-15,train,909
2025-02-15,train,910
2025-02-15,train,903
2025-02-15,train,907
2025-02-15,train,921
2025-02-15,train,920
2025-02-15,train,900
2025-02-15,train,917
2025-02-15,train,923
2025-02-15,train,899
2025-02-15,train,911
2025-02-15,train,901
2025-02-15,train,922
2025-02-15,train,905
2025-02-15,train,912
2025-02-15,train,924
2025-02-15,train,925
2025-02-15,train,959
2025-02-15,train,958
2025-02-15,train,945
2025-02-15,train,951
2025-02-15,train,966
2025-02-15,train,967
2025-02-15,train,969
2025-02-15,train,960
2025-02-15,train,961
2025-02-15,train,952
2025-02-15,train,968
2025-02-15,train,962
2025-02-15,train,963
2025-02-15,train,964
2025-02-15,train,934
2025-02-15,train,933
2025-02-15,train,932
2025-02-15,train,935
2025-02-15,train,953
2025-02-15,train,938
2025-02-15,train,946
2025-02-15,train,954
2025-02-15,train,937
2025-02-15,train,941
2025-02-15,train,942
2025-02-15,train,936
2025-02-15,train,939
2025-02-15,train,948
2025-02-15,train,944
2025-02-15,train,940
2025-02-15,train,957
2025-02-15,train,949
2025-02-15,train,956
2025-02-15,train,950
2025-02-15,train,965
2025-02-15,train,947
2025-02-15,train,955
2025-02-15,train,943
2025-02-15,train,972
2025-02-15,train,984
2025-02-15,train,978
2025-02-15,train,990
2025-02-15,train,980
2025-02-15,train,973
2025-02-15,train,971
2025-02-15,train,988
2025-02-15,train,974
2025-02-15,train,975
2025-02-15,train,981
2025-02-15,train,991
2025-02-15,train,979
2025-02-15,train,977
2025-02-15,train,987
2025-02-15,train,982
2025-02-15,train,985
2025-02-15,train,992
2025-02-15,train,970
2025-02-15,train,983
2025-02-15,train,993
2025-02-15,train,976
2025-02-15,train,989
2025-02-15,train,986
2025-02-15,train,1029
2025-02-15,train,998
2025-02-15,train,999
2025-02-15,train,995
2025-02-15,train,1013
2025-02-15,train,1001
2025-02-15,train,1030
2025-02-15,train,1000
2025-02-15,train,994
2025-02-15,train,1017
2025-02-15,train,1025
2025-02-15,train,997
2025-02-15,train,1014
2025-02-15,train,1027
2025-02-15,train,1002
2025-02-15,train,1004
2025-02-15,train,1003
2025-02-15,train,1026
2025-02-15,train,1018
2025-02-15,train,1019
2025-02-15,train,1028
2025-02-15,train,1021
2025-02-15,train,1020
2025-02-15,train,1007
2025-02-15,train,1022
2025-02-15,train,1005
2025-02-15,train,1008
2025-02-15,train,1009
2025-02-15,train,1023
2025-02-15,train,1011
2025-02-15,train,1012
2025-02-15,train,1006
2025-02-15,train,1016
2025-02-15,train,1024
2025-02-15,train,996
2025-02-15,train,1015
2025-02-15,train,1010
2025-02-15,train,1039
2025-02-15,train,1044
2025-02-15,train,1056
2025-02-15,train,1054
2025-02-15,train,1047
2025-02-15,train,1034
2025-02-15,train,1045
2025-02-15,train,1055
2025-02-15,train,1035
2025-02-15,train,1043
2025-02-15,train,1046
2025-02-15,train,1048
2025-02-15,train,1057
2025-02-15,train,1050
2025-02-15,train,1058
2025-02-15,train,1049
2025-02-15,train,1033
2025-02-15,train,1038
2025-02-15,train,1059
2025-02-15,train,1051
2025-02-15,train,1040
2025-02-15,train,1032
2025-02-15,train,1036
2025-02-15,train,1031
2025-02-15,train,1041
2025-02-15,train,1062
2025-02-15,train,1060
2025-02-15,train,1042
2025-02-15,train,1037
2025-02-15,train,1052
2025-02-15,train,1053
2025-02-15,train,1061
2025-02-15,train,1073
2025-02-15,train,1089
2025-02-15,train,1078
2025-02-15,train,1076
2025-02-15,train,1094
2025-02-15,train,1096
2025-02-15,train,1074
2025-02-15,train,1063
2025-02-15,train,1095
2025-02-15,train,1077
2025-02-15,train,1079
2025-02-15,train,1081
2025-02-15,train,1093
2025-02-15,train,1080
2025-02-15,train,1072
2025-02-15,train,1068
2025-02-15,train,1064
2025-02-15,train,1082
2025-02-15,train,1085
2025-02-15,train,1086
2025-02-15,train,1090
2025-02-15,train,1067
2025-02-15,train,1065
2025-02-15,train,1066
2025-02-15,train,1075
2025-02-15,train,1087
2025-02-15,train,1091
2025-02-15,train,1088
2025-02-15,train,1092
2025-02-15,train,1069
2025-02-15,train,1070
2025-02-15,train,1071
2025-02-15,train,1083
2025-02-15,train,1084
2025-02-15,train,1105
2025-02-15,train,1124
2025-02-15,train,1106
2025-02-15,train,1108
2025-02-15,train,1118
2025-02-15,train,1107
2025-02-15,train,1119
2025-02-15,train,1116
2025-02-15,train,1117
2025-02-15,train,1125
2025-02-15,train,1097
2025-02-15,train,1098
2025-02-15,train,1113
2025-02-15,train,1112
2025-02-15,train,1109
2025-02-15,train,1120
2025-02-15,train,1122
2025-02-15,train,1114
2025-02-15,train,1103
2025-02-15,train,1104
2025-02-15,train,1121
2025-02-15,train,1115
2025-02-15,train,1126
2025-02-15,train,1127
2025-02-15,train,1128
2025-02-15,train,1110
2025-02-15,train,1111
2025-02-15,train,1123
2025-02-15,train,1101
2025-02-15,train,1100
2025-02-15,train,1102
2025-02-15,train,1099
2025-02-15,train,1131
2025-02-15,train,1163
2025-02-15,train,1162
2025-02-15,train,1140
2025-02-15,train,1141
2025-02-15,train,1133
2025-02-15,train,1157
2025-02-15,train,1139
2025-02-15,train,1151
2025-02-15,train,1152
2025-02-15,train,1132
2025-02-15,train,1161
2025-02-15,train,1150
2025-02-15,train,1134
2025-02-15,train,1135
2025-02-15,train,1156
2025-02-15,train,1146
2025-02-15,train,1147
2025-02-15,train,1142
2025-02-15,train,1149
2025-02-15,train,1160
2025-02-15,train,1158
2025-02-15,train,1137
2025-02-15,train,1138
2025-02-15,train,1159
2025-02-15,train,1155
2025-02-15,train,1144
2025-02-15,train,1145
2025-02-15,train,1153
2025-02-15,train,1165
2025-02-15,train,1166
2025-02-15,train,1154
2025-02-15,train,1136
2025-02-15,train,1129
2025-02-15,train,1143
2025-02-15,train,1130
2025-02-15,train,1164
2025-02-15,train,1148
2025-02-15,train,1169
2025-02-15,train,1170
2025-02-15,train,1189
2025-02-15,train,1186
2025-02-15,train,1178
2025-02-15,train,1184
2025-02-15,train,1183
2025-02-15,train,1187
2025-02-15,train,1172
2025-02-15,train,1176
2025-02-15,train,1185
2025-02-15,train,1179
2025-02-15,train,1175
2025-02-15,train,1177
2025-02-15,train,1173
2025-02-15,train,1195
2025-02-15,train,1181
2025-02-15,train,1180
2025-02-15,train,1174
2025-02-15,train,1196
2025-02-15,train,1198
2025-02-15,train,1188
2025-02-15,train,1182
2025-02-15,train,1197
2025-02-15,train,1167
2025-02-15,train,1194
2025-02-15,train,1191
2025-02-15,train,1192
2025-02-15,train,1171
2025-02-15,train,1190
2025-02-15,train,1193
2025-02-15,train,1168
2025-02-15,train,1208
2025-02-15,train,1232
2025-02-15,train,1203
2025-02-15,train,1223
2025-02-15,train,1224
2025-02-15,train,1222
2025-02-15,train,1209
2025-02-15,train,1204
2025-02-15,train,1231
2025-02-15,train,1225
2025-02-15,train,1233
2025-02-15,train,1210
2025-02-15,train,1207
2025-02-15,train,1216
2025-02-15,train,1211
2025-02-15,train,1212
2025-02-15,train,1205
2025-02-15,train,1206
2025-02-15,train,1217
2025-02-15,train,1200
2025-02-15,train,1201
2025-02-15,train,1226
2025-02-15,train,1227
2025-02-15,train,1218
2025-02-15,train,1202
2025-02-15,train,1199
2025-02-15,train,1228
2025-02-15,train,1219
2025-02-15,train,1234
2025-02-15,train,1235
2025-02-15,train,1213
2025-02-15,train,1221
2025-02-15,train,1220
2025-02-15,train,1229
2025-02-15,train,1230
2025-02-15,train,1214
2025-02-15,train,1215
2025-02-15,train,1263
2025-02-15,train,1239
2025-02-15,train,1246
2025-02-15,train,1247
2025-02-15,train,1264
2025-02-15,train,1271
2025-02-15,train,1272
2025-02-15,train,1238
2025-02-15,train,1269
2025-02-15,train,1261
2025-02-15,train,1273
2025-02-15,train,1274
2025-02-15,train,1242
2025-02-15,train,1259
2025-02-15,train,1243
2025-02-15,train,1251
2025-02-15,train,1252
2025-02-15,train,1244
2025-02-15,train,1254
2025-02-15,train,1267
2025-02-15,train,1268
2025-02-15,train,1245
2025-02-15,train,1255
2025-02-15,train,1241
2025-02-15,train,1240
2025-02-15,train,1236
2025-02-15,train,1250
2025-02-15,train,1266
2025-02-15,train,1275
2025-02-15,train,1276
2025-02-15,train,1248
2025-02-15,train,1262
2025-02-15,train,1265
2025-02-15,train,1256
2025-02-15,train,1277
2025-02-15,train,1260
2025-02-15,train,1237
2025-02-15,train,1270
2025-02-15,train,1253
2025-02-15,train,1249
2025-02-15,train,1257
2025-02-15,train,1258
2025-02-15,train,1307
2025-02-15,train,1308
2025-02-15,train,1295
2025-02-15,train,1280
2025-02-15,train,1283
2025-02-15,train,1287
2025-02-15,train,1294
2025-02-15,train,1286
2025-02-15,train,1297
2025-02-15,train,1296
2025-02-15,train,1293
2025-02-15,train,1288
2025-02-15,train,1298
2025-02-15,train,1300
2025-02-15,train,1306
2025-02-15,train,1305
2025-02-15,train,1301
2025-02-15,train,1282
2025-02-15,train,1281
2025-02-15,train,1302
2025-02-15,train,1303
2025-02-15,train,1290
2025-02-15,train,1284
2025-02-15,train,1304
2025-02-15,train,1291
2025-02-15,train,1285
2025-02-15,train,1289
2025-02-15,train,1278
2025-02-15,train,1279
2025-02-15,train,1292
2025-02-15,train,1309
2025-02-15,train,1299
2025-02-15,train,1330
2025-02-15,train,1331
2025-02-15,train,1332
2025-02-15,train,1318
2025-02-15,train,1339
2025-02-15,train,1313
2025-02-15,train,1310
2025-02-15,train,1319
2025-02-15,train,1333
2025-02-15,train,1336
2025-02-15,train,1311
2025-02-15,train,1312
2025-02-15,train,1334
2025-02-15,train,1314
2025-02-15,train,1316
2025-02-15,train,1335
2025-02-15,train,1323
2025-02-15,train,1324
2025-02-15,train,1317
2025-02-15,train,1328
2025-02-15,train,1340
2025-02-15,train,1320
2025-02-15,train,1315
2025-02-15,train,1329
2025-02-15,train,1321
2025-02-15,train,1325
2025-02-15,train,1341
2025-02-15,train,1343
2025-02-15,train,1342
2025-02-15,train,1326
2025-02-15,train,1370
2025-02-15,train,1371
2025-02-15,inner_train,115
2025-02-15,inner_train,114
2025-02-15,inner_train,51
2025-02-15,inner_train,57
2025-02-15,inner_train,83
2025-02-15,inner_train,90
2025-02-15,inner_train,127
2025-02-15,inner_train,82
2025-02-15,inner_train,88
2025-02-15,inner_train,63
2025-02-15,inner_train,77
2025-02-15,inner_train,64
2025-02-15,inner_train,74
2025-02-15,inner_train,84
2025-02-15,inner_train,65
2025-02-15,inner_train,49
2025-02-15,inner_train,52
2025-02-15,inner_train,72
2025-02-15,inner_train,48
2025-02-15,inner_train,50
2025-02-15,inner_train,73
2025-02-15,inner_train,53
2025-02-15,inner_train,95
2025-02-15,inner_train,68
2025-02-15,inner_train,67
2025-02-15,inner_train,97
2025-02-15,inner_train,107
2025-02-15,inner_train,70
2025-02-15,inner_train,69
2025-02-15,inner_train,96
2025-02-15,inner_train,71
2025-02-15,inner_train,75
2025-02-15,inner_train,103
2025-02-15,inner_train,76
2025-02-15,inner_train,119
2025-02-15,inner_train,101
2025-02-15,inner_train,120
2025-02-15,inner_train,100
2025-02-15,inner_train,93
2025-02-15,inner_train,108
2025-02-15,inner_train,102
2025-02-15,inner_train,121
2025-02-15,inner_train,122
2025-02-15,inner_train,116
2025-02-15,inner_train,117
2025-02-15,inner_train,80
2025-02-15,inner_train,81
2025-02-15,inner_train,54
2025-02-15,inner_train,109
2025-02-15,inner_train,59
2025-02-15,inner_train,118
2025-02-15,inner_train,104
2025-02-15,inner_train,66
2025-02-15,inner_train,105
2025-02-15,inner_train,61
2025-02-15,inner_train,106
2025-02-15,inner_train,62
2025-02-15,inner_train,55
2025-02-15,inner_train,98
2025-02-15,inner_train,56
2025-02-15,inner_train,60
2025-02-15,inner_train,99
2025-02-15,inner_train,94
2025-02-15,inner_train,111
2025-02-15,inner_train,92
2025-02-15,inner_train,85
2025-02-15,inner_train,124
2025-02-15,inner_train,91
2025-02-15,inner_train,123
2025-02-15,inner_train,86
2025-02-15,inner_train,166
2025-02-15,inner_train,125
2025-02-15,inner_train,133
2025-02-15,inner_train,159
2025-02-15,inner_train,150
2025-02-15,inner_train,163
2025-02-15,inner_train,162
2025-02-15,inner_train,134
2025-02-15,inner_train,164
2025-02-15,inner_train,149
2025-02-15,inner_train,165
2025-02-15,inner_train,144
2025-02-15,inner_train,145
2025-02-15,inner_train,158
2025-02-15,inner_train,160
2025-02-15,inner_train,151
2025-02-15,inner_train,152
2025-02-15,inner_train,128
2025-02-15,inner_train,147
2025-02-15,inner_train,135
2025-02-15,inner_train,130
2025-02-15,inner_train,129
2025-02-15,inner_train,155
2025-02-15,inner_train,143
2025-02-15,inner_train,131
2025-02-15,inner_train,161
2025-02-15,inner_train,154
2025-02-15,inner_train,142
2025-02-15,inner_train,132
2025-02-15,inner_train,141
2025-02-15,inner_train,156
2025-02-15,inner_train,157
2025-02-15,inner_train,153
2025-02-15,inner_train,140
2025-02-15,inner_train,138
2025-02-15,inner_train,136
2025-02-15,inner_train,137
2025-02-15,inner_train,146
2025-02-15,inner_train,139
2025-02-15,inner_train,148
2025-02-15,inner_train,175
2025-02-15,inner_train,189
2025-02-15,inner_train,176
2025-02-15,inner_train,174
2025-02-15,inner_train,193
2025-02-15,inner_train,172
2025-02-15,inner_train,168
2025-02-15,inner_train,182
2025-02-15,inner_train,181
2025-02-15,inner_train,171
2025-02-15,inner_train,170
2025-02-15,inner_train,169
2025-02-15,inner_train,183
2025-02-15,inner_train,178
2025-02-15,inner_train,167
2025-02-15,inner_train,184
2025-02-15,inner_train,177
2025-02-15,inner_train,186
2025-02-15,inner_train,173
2025-02-15,inner_train,180
2025-02-15,inner_train,191
2025-02-15,inner_train,190
2025-02-15,inner_train,188
2025-02-15,inner_train,192
2025-02-15,inner_train,187
2025-02-15,inner_train,185
2025-02-15,inner_train,179
2025-02-15,inner_train,221
2025-02-15,inner_train,202
2025-02-15,inner_train,203
2025-02-15,inner_train,217
2025-02-15,inner_train,218
2025-02-15,inner_train,204
2025-02-15,inner_train,205
2025-02-15,inner_train,206
2025-02-15,inner_train,227
2025-02-15,inner_train,229
2025-02-15,inner_train,228
2025-02-15,inner_train,215
2025-02-15,inner_train,222
2025-02-15,inner_train,197
2025-02-15,inner_train,219
2025-02-15,inner_train,220
2025-02-15,inner_train,231
2025-02-15,inner_train,212
2025-02-15,inner_train,230
2025-02-15,inner_train,213
2025-02-15,inner_train,208
2025-02-15,inner_train,216
2025-02-15,inner_train,214
2025-02-15,inner_train,207
2025-02-15,inner_train,194
2025-02-15,inner_train,201
2025-02-15,inner_train,209
2025-02-15,inner_train,195
2025-02-15,inner_train,196
2025-02-15,inner_train,211
2025-02-15,inner_train,224
2025-02-15,inner_train,226
2025-02-15,inner_train,210
2025-02-15,inner_train,223
2025-02-15,inner_train,200
2025-02-15,inner_train,198
2025-02-15,inner_train,225
2025-02-15,inner_train,199
2025-02-15,inner_train,246
2025-02-15,inner_train,251
2025-02-15,inner_train,257
2025-02-15,inner_train,262
2025-02-15,inner_train,245
2025-02-15,inner_train,265
2025-02-15,inner_train,258
2025-02-15,inner_train,248
2025-02-15,inner_train,253
2025-02-15,inner_train,266
2025-02-15,inner_train,269
2025-02-15,inner_train,247
2025-02-15,inner_train,235
2025-02-15,inner_train,255
2025-02-15,inner_train,256
2025-02-15,inner_train,254
2025-02-15,inner_train,267
2025-02-15,inner_train,268
2025-02-15,inner_train,239
2025-02-15,inner_train,236
2025-02-15,inner_train,234
2025-02-15,inner_train,249
2025-02-15,inner_train,238
2025-02-15,inner_train,243
2025-02-15,inner_train,259
2025-02-15,inner_train,261
2025-02-15,inner_train,260
2025-02-15,inner_train,250
2025-02-15,inner_train,244
2025-02-15,inner_train,240
2025-02-15,inner_train,241
2025-02-15,inner_train,242
2025-02-15,inner_train,263
2025-02-15,inner_train,232
2025-02-15,inner_train,233
2025-02-15,inner_train,264
2025-02-15,inner_train,237
2025-02-15,inner_train,252
2025-02-15,inner_train,281
2025-02-15,inner_train,282
2025-02-15,inner_train,320
2025-02-15,inner_train,293
2025-02-15,inner_train,321
2025-02-15,inner_train,322
2025-02-15,inner_train,323
2025-02-15,inner_train,304
2025-02-15,inner_train,310
2025-02-15,inner_train,294
2025-02-15,inner_train,319
2025-02-15,inner_train,324
2025-02-15,inner_train,302
2025-02-15,inner_train,308
2025-02-15,inner_train,295
2025-02-15,inner_train,300
2025-02-15,inner_train,311
2025-02-15,inner_train,280
2025-02-15,inner_train,301
2025-02-15,inner_train,316
2025-02-15,inner_train,296
2025-02-15,inner_train,317
2025-02-15,inner_train,303
2025-02-15,inner_train,318
2025-02-15,inner_train,306
2025-02-15,inner_train,297
2025-02-15,inner_train,305
2025-02-15,inner_train,307
2025-02-15,inner_train,275
2025-02-15,inner_train,312
2025-02-15,inner_train,271
2025-02-15,inner_train,279
2025-02-15,inner_train,287
2025-02-15,inner_train,299
2025-02-15,inner_train,298
2025-02-15,inner_train,276
2025-02-15,inner_train,277
2025-02-15,inner_train,270
2025-02-15,inner_train,286
2025-02-15,inner_train,288
2025-02-15,inner_train,283
2025-02-15,inner_train,284
2025-02-15,inner_train,314
2025-02-15,inner_train,272
2025-02-15,inner_train,290
2025-02-15,inner_train,278
2025-02-15,inner_train,313
2025-02-15,inner_train,285
2025-02-15,inner_train,315
2025-02-15,inner_train,291
2025-02-15,inner_train,292
2025-02-15,inner_train,273
2025-02-15,inner_train,274
2025-02-15,inner_train,309
2025-02-15,inner_train,365
2025-02-15,inner_train,343
2025-02-15,inner_train,352
2025-02-15,inner_train,359
2025-02-15,inner_train,325
2025-02-15,inner_train,360
2025-02-15,inner_train,363
2025-02-15,inner_train,364
2025-02-15,inner_train,340
2025-02-15,inner_train,327
2025-02-15,inner_train,326
2025-02-15,inner_train,355
2025-02-15,inner_train,356
2025-02-15,inner_train,336
2025-02-15,inner_train,362
2025-02-15,inner_train,361
2025-02-15,inner_train,353
2025-02-15,inner_train,354
2025-02-15,inner_train,338
2025-02-15,inner_train,333
2025-02-15,inner_train,347
2025-02-15,inner_train,346
2025-02-15,inner_train,337
2025-02-15,inner_train,366
2025-02-15,inner_train,367
2025-02-15,inner_train,368
2025-02-15,inner_train,350
2025-02-15,inner_train,341
2025-02-15,inner_train,342
2025-02-15,inner_train,348
2025-02-15,inner_train,344
2025-02-15,inner_train,345
2025-02-15,inner_train,357
2025-02-15,inner_train,358
2025-02-15,inner_train,349
2025-02-15,inner_train,339
2025-02-15,inner_train,351
2025-02-15,inner_train,334
2025-02-15,inner_train,332
2025-02-15,inner_train,331
2025-02-15,inner_train,335
2025-02-15,inner_train,328
2025-02-15,inner_train,329
2025-02-15,inner_train,330
2025-02-15,inner_train,393
2025-02-15,inner_train,379
2025-02-15,inner_train,371
2025-02-15,inner_train,400
2025-02-15,inner_train,401
2025-02-15,inner_train,372
2025-02-15,inner_train,402
2025-02-15,inner_train,395
2025-02-15,inner_train,373
2025-02-15,inner_train,398
2025-02-15,inner_train,396
2025-02-15,inner_train,374
2025-02-15,inner_train,404
2025-02-15,inner_train,403
2025-02-15,inner_train,390
2025-02-15,inner_train,399
2025-02-15,inner_train,375
2025-02-15,inner_train,394
2025-02-15,inner_train,397
2025-02-15,inner_train,376
2025-02-15,inner_train,377
2025-02-15,inner_train,378
2025-02-15,inner_train,386
2025-02-15,inner_train,387
2025-02-15,inner_train,385
2025-02-15,inner_train,382
2025-02-15,inner_train,369
2025-02-15,inner_train,370
2025-02-15,inner_train,383
2025-02-15,inner_train,384
2025-02-15,inner_train,392
2025-02-15,inner_train,388
2025-02-15,inner_train,380
2025-02-15,inner_train,391
2025-02-15,inner_train,381
2025-02-15,inner_train,389
2025-02-15,inner_train,415
2025-02-15,inner_train,416
2025-02-15,inner_train,406
2025-02-15,inner_train,418
2025-02-15,inner_train,413
2025-02-15,inner_train,407
2025-02-15,inner_train,419
2025-02-15,inner_train,429
2025-02-15,inner_train,431
2025-02-15,inner_train,432
2025-02-15,inner_train,417
2025-02-15,inner_train,420
2025-02-15,inner_train,433
2025-02-15,inner_train,414
2025-02-15,inner_train,405
2025-02-15,inner_train,411
2025-02-15,inner_train,430
2025-02-15,inner_train,408
2025-02-15,inner_train,427
2025-02-15,inner_train,422
2025-02-15,inner_train,423
2025-02-15,inner_train,410
2025-02-15,inner_train,409
2025-02-15,inner_train,426
2025-02-15,inner_train,412
2025-02-15,inner_train,421
2025-02-15,inner_train,424
2025-02-15,inner_train,425
2025-02-15,inner_train,428
2025-02-15,inner_train,451
2025-02-15,inner_train,470
2025-02-15,inner_train,452
2025-02-15,inner_train,463
2025-02-15,inner_train,466
2025-02-15,inner_train,441
2025-02-15,inner_train,456
2025-02-15,inner_train,450
2025-02-15,inner_train,453
2025-02-15,inner_train,442
2025-02-15,inner_train,449
2025-02-15,inner_train,448
2025-02-15,inner_train,434
2025-02-15,inner_train,435
2025-02-15,inner_train,447
2025-02-15,inner_train,443
2025-02-15,inner_train,445
2025-02-15,inner_train,444
2025-02-15,inner_train,457
2025-02-15,inner_train,458
2025-02-15,inner_train,438
2025-02-15,inner_train,436
2025-02-15,inner_train,460
2025-02-15,inner_train,461
2025-02-15,inner_train,446
2025-02-15,inner_train,467
2025-02-15,inner_train,468
2025-02-15,inner_train,462
2025-02-15,inner_train,454
2025-02-15,inner_train,455
2025-02-15,inner_train,439
2025-02-15,inner_train,440
2025-02-15,inner_train,437
2025-02-15,inner_train,469
2025-02-15,inner_train,464
2025-02-15,inner_train,465
2025-02-15,inner_train,476
2025-02-15,inner_train,477
2025-02-15,inner_train,502
2025-02-15,inner_train,503
2025-02-15,inner_train,478
2025-02-15,inner_train,472
2025-02-15,inner_train,498
2025-02-15,inner_train,497
2025-02-15,inner_train,473
2025-02-15,inner_train,507
2025-02-15,inner_train,508
2025-02-15,inner_train,479
2025-02-15,inner_train,474
2025-02-15,inner_train,480
2025-02-15,inner_train,494
2025-02-15,inner_train,484
2025-02-15,inner_train,485
2025-02-15,inner_train,495
2025-02-15,inner_train,475
2025-02-15,inner_train,500
2025-02-15,inner_train,481
2025-02-15,inner_train,487
2025-02-15,inner_train,492
2025-02-15,inner_train,493
2025-02-15,inner_train,501
2025-02-15,inner_train,499
2025-02-15,inner_train,509
2025-02-15,inner_train,496
2025-02-15,inner_train,471
2025-02-15,inner_train,486
2025-02-15,inner_train,505
2025-02-15,inner_train,482
2025-02-15,inner_train,483
2025-02-15,inner_train,490
2025-02-15,inner_train,506
2025-02-15,inner_train,489
2025-02-15,inner_train,488
2025-02-15,inner_train,525
2025-02-15,inner_train,514
2025-02-15,inner_train,528
2025-02-15,inner_train,511
2025-02-15,inner_train,510
2025-02-15,inner_train,531
2025-02-15,inner_train,526
2025-02-15,inner_train,536
2025-02-15,inner_train,530
2025-02-15,inner_train,534
2025-02-15,inner_train,524
2025-02-15,inner_train,527
2025-02-15,inner_train,521
2025-02-15,inner_train,532
2025-02-15,inner_train,518
2025-02-15,inner_train,519
2025-02-15,inner_train,513
2025-02-15,inner_train,512
2025-02-15,inner_train,533
2025-02-15,inner_train,523
2025-02-15,inner_train,535
2025-02-15,inner_train,522
2025-02-15,inner_train,516
2025-02-15,inner_train,520
2025-02-15,inner_train,515
2025-02-15,inner_train,517
2025-02-15,inner_train,529
2025-02-15,inner_train,546
2025-02-15,inner_train,548
2025-02-15,inner_train,547
2025-02-15,inner_train,549
2025-02-15,inner_train,552
2025-02-15,inner_train,537
2025-02-15,inner_train,538
2025-02-15,inner_train,540
2025-02-15,inner_train,543
2025-02-15,inner_train,545
2025-02-15,inner_train,544
2025-02-15,inner_train,560
2025-02-15,inner_train,561
2025-02-15,inner_train,562
2025-02-15,inner_train,563
2025-02-15,inner_train,557
2025-02-15,inner_train,559
2025-02-15,inner_train,550
2025-02-15,inner_train,554
2025-02-15,inner_train,556
2025-02-15,inner_train,553
2025-02-15,inner_train,555
2025-02-15,inner_train,541
2025-02-15,inner_train,542
2025-02-15,inner_train,551
2025-02-15,inner_train,539
2025-02-15,inner_train,558
2025-02-15,inner_train,574
2025-02-15,inner_train,575
2025-02-15,inner_train,583
2025-02-15,inner_train,586
2025-02-15,inner_train,587
2025-02-15,inner_train,597
2025-02-15,inner_train,584
2025-02-15,inner_train,585
2025-02-15,inner_train,590
2025-02-15,inner_train,588
2025-02-15,inner_train,591
2025-02-15,inner_train,592
2025-02-15,inner_train,564
2025-02-15,inner_train,579
2025-02-15,inner_train,580
2025-02-15,inner_train,578
2025-02-15,inner_train,576
2025-02-15,inner_train,577
2025-02-15,inner_train,601
2025-02-15,inner_train,593
2025-02-15,inner_train,566
2025-02-15,inner_train,565
2025-02-15,inner_train,594
2025-02-15,inner_train,569
2025-02-15,inner_train,596
2025-02-15,inner_train,595
2025-02-15,inner_train,602
2025-02-15,inner_train,581
2025-02-15,inner_train,582
2025-02-15,inner_train,603
2025-02-15,inner_train,604
2025-02-15,inner_train,605
2025-02-15,inner_train,571
2025-02-15,inner_train,570
2025-02-15,inner_train,567
2025-02-15,inner_train,568
2025-02-15,inner_train,572
2025-02-15,inner_train,589
2025-02-15,inner_train,598
2025-02-15,inner_train,599
2025-02-15,inner_train,600
2025-02-15,inner_train,573
2025-02-15,inner_train,609
2025-02-15,inner_train,610
2025-02-15,inner_train,618
2025-02-15,inner_train,606
2025-02-15,inner_train,622
2025-02-15,inner_train,623
2025-02-15,inner_train,611
2025-02-15,inner_train,619
2025-02-15,inner_train,627
2025-02-15,inner_train,628
2025-02-15,inner_train,615
2025-02-15,inner_train,624
2025-02-15,inner_train,612
2025-02-15,inner_train,613
2025-02-15,inner_train,614
2025-02-15,inner_train,629
2025-02-15,inner_train,631
2025-02-15,inner_train,617
2025-02-15,inner_train,625
2025-02-15,inner_train,637
2025-02-15,inner_train,632
2025-02-15,inner_train,616
2025-02-15,inner_train,626
2025-02-15,inner_train,638
2025-02-15,inner_train,633
2025-02-15,inner_train,608
2025-02-15,inner_train,607
2025-02-15,inner_train,641
2025-02-15,inner_train,620
2025-02-15,inner_train,636
2025-02-15,inner_train,634
2025-02-15,inner_train,630
2025-02-15,inner_train,621
2025-02-15,inner_train,635
2025-02-15,inner_train,639
2025-02-15,inner_train,640
2025-02-15,inner_train,673
2025-02-15,inner_train,674
2025-02-15,inner_train,654
2025-02-15,inner_train,675
2025-02-15,inner_train,656
2025-02-15,inner_train,657
2025-02-15,inner_train,661
2025-02-15,inner_train,671
2025-02-15,inner_train,648
2025-02-15,inner_train,672
2025-02-15,inner_train,653
2025-02-15,inner_train,667
2025-02-15,inner_train,642
2025-02-15,inner_train,650
2025-02-15,inner_train,646
2025-02-15,inner_train,647
2025-02-15,inner_train,662
2025-02-15,inner_train,643
2025-02-15,inner_train,670
2025-02-15,inner_train,669
2025-02-15,inner_train,663
2025-02-15,inner_train,659
2025-02-15,inner_train,668
2025-02-15,inner_train,658
2025-02-15,inner_train,649
2025-02-15,inner_train,676
2025-02-15,inner_train,664
2025-02-15,inner_train,666
2025-02-15,inner_train,665
2025-02-15,inner_train,660
2025-02-15,inner_train,651
2025-02-15,inner_train,706
2025-02-15,inner_train,652
2025-02-15,inner_train,677
2025-02-15,inner_train,655
2025-02-15,inner_train,644
2025-02-15,inner_train,714
2025-02-15,inner_train,645
2025-02-15,inner_train,682
2025-02-15,inner_train,681
2025-02-15,inner_train,689
2025-02-15,inner_train,696
2025-02-15,inner_train,695
2025-02-15,inner_train,690
2025-02-15,inner_train,691
2025-02-15,inner_train,713
2025-02-15,inner_train,683
2025-02-15,inner_train,684
2025-02-15,inner_train,700
2025-02-15,inner_train,688
2025-02-15,inner_train,702
2025-02-15,inner_train,703
2025-02-15,inner_train,705
2025-02-15,inner_train,686
2025-02-15,inner_train,687
2025-02-15,inner_train,704
2025-02-15,inner_train,693
2025-02-15,inner_train,678
2025-02-15,inner_train,694
2025-02-15,inner_train,685
2025-02-15,inner_train,701
2025-02-15,inner_train,699
2025-02-15,inner_train,679
2025-02-15,inner_train,707
2025-02-15,inner_train,708
2025-02-15,inner_train,698
2025-02-15,inner_train,680
2025-02-15,inner_train,709
2025-02-15,inner_train,712
2025-02-15,inner_train,710
2025-02-15,inner_train,697
2025-02-15,inner_train,692
2025-02-15,inner_train,711
2025-02-15,inner_train,741
2025-02-15,inner_train,732
2025-02-15,inner_train,733
2025-02-15,inner_train,766
2025-02-15,inner_train,742
2025-02-15,inner_train,728
2025-02-15,inner_train,724
2025-02-15,inner_train,718
2025-02-15,inner_train,765
2025-02-15,inner_train,740
2025-02-15,inner_train,743
2025-02-15,inner_train,727
2025-02-15,inner_train,748
2025-02-15,inner_train,729
2025-02-15,inner_train,725
2025-02-15,inner_train,744
2025-02-15,inner_train,763
2025-02-15,inner_train,762
2025-02-15,inner_train,753
2025-02-15,inner_train,726
2025-02-15,inner_train,721
2025-02-15,inner_train,730
2025-02-15,inner_train,755
2025-02-15,inner_train,764
2025-02-15,inner_train,749
2025-02-15,inner_train,750
2025-02-15,inner_train,754
2025-02-15,inner_train,722
2025-02-15,inner_train,723
2025-02-15,inner_train,719
2025-02-15,inner_train,751
2025-02-15,inner_train,752
2025-02-15,inner_train,731
2025-02-15,inner_train,720
2025-02-15,inner_train,735
2025-02-15,inner_train,715
2025-02-15,inner_train,716
2025-02-15,inner_train,758
2025-02-15,inner_train,761
2025-02-15,inner_train,736
2025-02-15,inner_train,738
2025-02-15,inner_train,737
2025-02-15,inner_train,756
2025-02-15,inner_train,759
2025-02-15,inner_train,760
2025-02-15,inner_train,746
2025-02-15,inner_train,739
2025-02-15,inner_train,717
2025-02-15,inner_train,757
2025-02-15,inner_train,745
2025-02-15,inner_train,734
2025-02-15,inner_train,747
2025-02-15,inner_train,801
2025-02-15,inner_train,798
2025-02-15,inner_train,802
2025-02-15,inner_train,799
2025-02-15,inner_train,803
2025-02-15,inner_train,788
2025-02-15,inner_train,792
2025-02-15,inner_train,793
2025-02-15,inner_train,804
2025-02-15,inner_train,794
2025-02-15,inner_train,795
2025-02-15,inner_train,790
2025-02-15,inner_train,786
2025-02-15,inner_train,775
2025-02-15,inner_train,785
2025-02-15,inner_train,787
2025-02-15,inner_train,774
2025-02-15,inner_train,789
2025-02-15,inner_train,777
2025-02-15,inner_train,776
2025-02-15,inner_train,773
2025-02-15,inner_train,769
2025-02-15,inner_train,771
2025-02-15,inner_train,780
2025-02-15,inner_train,784
2025-02-15,inner_train,772
2025-02-15,inner_train,781
2025-02-15,inner_train,783
2025-02-15,inner_train,791
2025-02-15,inner_train,770
2025-02-15,inner_train,778
2025-02-15,inner_train,800
2025-02-15,inner_train,782
2025-02-15,inner_train,767
2025-02-15,inner_train,796
2025-02-15,inner_train,779
2025-02-15,inner_train,797
2025-02-15,inner_train,809
2025-02-15,inner_train,817
2025-02-15,inner_train,805
2025-02-15,inner_train,826
2025-02-15,inner_train,806
2025-02-15,inner_train,808
2025-02-15,inner_train,807
2025-02-15,inner_train,827
2025-02-15,inner_train,822
2025-02-15,inner_train,835
2025-02-15,inner_train,820
2025-02-15,inner_train,831
2025-02-15,inner_train,825
2025-02-15,inner_train,833
2025-02-15,inner_train,834
2025-02-15,inner_train,832
2025-02-15,inner_train,823
2025-02-15,inner_train,821
2025-02-15,inner_train,828
2025-02-15,inner_train,824
2025-02-15,inner_train,830
2025-02-15,inner_train,814
2025-02-15,inner_train,811
2025-02-15,inner_train,812
2025-02-15,inner_train,818
2025-02-15,inner_train,816
2025-02-15,inner_train,819
2025-02-15,inner_train,813
2025-02-15,inner_train,810
2025-02-15,inner_train,836
2025-02-15,inner_train,815
2025-02-15,inner_train,853
2025-02-15,inner_train,847
2025-02-15,inner_train,846
2025-02-15,inner_train,845
2025-02-15,inner_train,844
2025-02-15,inner_train,857
2025-02-15,inner_train,840
2025-02-15,inner_train,850
2025-02-15,inner_train,851
2025-02-15,inner_train,852
2025-02-15,inner_train,841
2025-02-15,inner_train,842
2025-02-15,inner_train,865
2025-02-15,inner_train,866
2025-02-15,inner_train,858
2025-02-15,inner_train,860
2025-02-15,inner_train,867
2025-02-15,inner_train,849
2025-02-15,inner_train,854
2025-02-15,inner_train,863
2025-02-15,inner_train,859
2025-02-15,inner_train,861
2025-02-15,inner_train,855
2025-02-15,inner_train,839
2025-02-15,inner_train,864
2025-02-15,inner_train,862
2025-02-15,inner_train,837
2025-02-15,inner_train,856
2025-02-15,inner_train,843
2025-02-15,inner_train,838
2025-02-15,inner_train,848
2025-02-15,inner_train,872
2025-02-15,inner_train,868
2025-02-15,inner_train,892
2025-02-15,inner_train,891
2025-02-15,inner_train,893
2025-02-15,inner_train,877
2025-02-15,inner_train,878
2025-02-15,inner_train,888
2025-02-15,inner_train,887
2025-02-15,inner_train,889
2025-02-15,inner_train,890
2025-02-15,inner_train,884
2025-02-15,inner_train,879
2025-02-15,inner_train,873
2025-02-15,inner_train,869
2025-02-15,inner_train,883
2025-02-15,inner_train,870
2025-02-15,inner_train,896
2025-02-15,inner_train,897
2025-02-15,inner_train,898
2025-02-15,inner_train,894
2025-02-15,inner_train,874
2025-02-15,inner_train,875
2025-02-15,inner_train,876
2025-02-15,inner_train,886
2025-02-15,inner_train,885
2025-02-15,inner_train,895
2025-02-15,inner_train,880
2025-02-15,inner_train,881
2025-02-15,inner_train,882
2025-02-15,inner_train,871
2025-02-15,inner_train,918
2025-02-15,inner_train,930
2025-02-15,inner_train,931
2025-02-15,inner_train,906
2025-02-15,inner_train,914
2025-02-15,inner_train,913
2025-02-15,inner_train,902
2025-02-15,inner_train,929
2025-02-15,inner_train,919
2025-02-15,inner_train,915
2025-02-15,inner_train,916
2025-02-15,inner_train,908
2025-02-15,inner_train,904
2025-02-15,inner_train,928
2025-02-15,inner_train,926
2025-02-15,inner_train,927
2025-02-15,inner_train,909
2025-02-15,inner_train,910
2025-02-15,inner_train,903
2025-02-15,inner_train,907
2025-02-15,inner_train,921
2025-02-15,inner_train,920
2025-02-15,inner_train,900
2025-02-15,inner_train,917
2025-02-15,inner_train,923
2025-02-15,inner_train,899
2025-02-15,inner_train,911
2025-02-15,inner_train,901
2025-02-15,inner_train,922
2025-02-15,inner_train,905
2025-02-15,inner_train,912
2025-02-15,inner_train,924
2025-02-15,inner_train,925
2025-02-15,inner_train,959
2025-02-15,inner_train,958
2025-02-15,inner_train,945
2025-02-15,inner_train,951
2025-02-15,inner_train,966
2025-02-15,inner_train,967
2025-02-15,inner_train,969
2025-02-15,inner_train,960
2025-02-15,inner_train,961
2025-02-15,inner_train,952
2025-02-15,inner_train,968
2025-02-15,inner_train,962
2025-02-15,inner_train,963
2025-02-15,inner_train,964
2025-02-15,inner_train,934
2025-02-15,inner_train,933
2025-02-15,inner_train,932
2025-02-15,inner_train,935
2025-02-15,inner_train,953
2025-02-15,inner_train,938
2025-02-15,inner_train,946
2025-02-15,inner_train,954
2025-02-15,inner_train,937
2025-02-15,inner_train,941
2025-02-15,inner_train,942
2025-02-15,inner_train,936
2025-02-15,inner_train,939
2025-02-15,inner_train,948
2025-02-15,inner_train,944
2025-02-15,inner_train,940
2025-02-15,inner_train,957
2025-02-15,inner_train,949
2025-02-15,inner_train,956
2025-02-15,inner_train,950
2025-02-15,inner_train,965
2025-02-15,inner_train,947
2025-02-15,inner_train,955
2025-02-15,inner_train,943
2025-02-15,inner_train,972
2025-02-15,inner_train,984
2025-02-15,inner_train,978
2025-02-15,inner_train,990
2025-02-15,inner_train,980
2025-02-15,inner_train,973
2025-02-15,inner_train,971
2025-02-15,inner_train,988
2025-02-15,inner_train,974
2025-02-15,inner_train,975
2025-02-15,inner_train,981
2025-02-15,inner_train,991
2025-02-15,inner_train,979
2025-02-15,inner_train,977
2025-02-15,inner_train,987
2025-02-15,inner_train,982
2025-02-15,inner_train,985
2025-02-15,inner_train,992
2025-02-15,inner_train,970
2025-02-15,inner_train,983
2025-02-15,inner_train,993
2025-02-15,inner_train,976
2025-02-15,inner_train,989
2025-02-15,inner_train,986
2025-02-15,inner_train,1029
2025-02-15,inner_train,998
2025-02-15,inner_train,999
2025-02-15,inner_train,995
2025-02-15,inner_train,1013
2025-02-15,inner_train,1001
2025-02-15,inner_train,1030
2025-02-15,inner_train,1000
2025-02-15,inner_train,994
2025-02-15,inner_train,1017
2025-02-15,inner_train,1025
2025-02-15,inner_train,997
2025-02-15,inner_train,1014
2025-02-15,inner_train,1027
2025-02-15,inner_train,1002
2025-02-15,inner_train,1004
2025-02-15,inner_train,1003
2025-02-15,inner_train,1026
2025-02-15,inner_train,1018
2025-02-15,inner_train,1019
2025-02-15,inner_train,1028
2025-02-15,inner_train,1021
2025-02-15,inner_train,1020
2025-02-15,inner_train,1007
2025-02-15,inner_train,1022
2025-02-15,inner_train,1005
2025-02-15,inner_train,1008
2025-02-15,inner_train,1009
2025-02-15,inner_train,1023
2025-02-15,inner_train,1011
2025-02-15,inner_train,1012
2025-02-15,inner_train,1006
2025-02-15,inner_train,1016
2025-02-15,inner_train,1024
2025-02-15,inner_train,996
2025-02-15,inner_train,1015
2025-02-15,inner_train,1010
2025-02-15,inner_train,1039
2025-02-15,inner_train,1044
2025-02-15,inner_train,1056
2025-02-15,inner_train,1054
2025-02-15,inner_train,1047
2025-02-15,inner_train,1034
2025-02-15,inner_train,1045
2025-02-15,inner_train,1055
2025-02-15,inner_train,1035
2025-02-15,inner_train,1043
2025-02-15,inner_train,1046
2025-02-15,inner_train,1048
2025-02-15,inner_train,1057
2025-02-15,inner_train,1050
2025-02-15,inner_train,1058
2025-02-15,inner_train,1049
2025-02-15,inner_train,1033
2025-02-15,inner_train,1038
2025-02-15,inner_train,1059
2025-02-15,inner_train,1051
2025-02-15,inner_train,1040
2025-02-15,inner_train,1032
2025-02-15,inner_train,1036
2025-02-15,inner_train,1031
2025-02-15,inner_train,1041
2025-02-15,inner_train,1062
2025-02-15,inner_train,1060
2025-02-15,inner_train,1042
2025-02-15,inner_train,1037
2025-02-15,inner_train,1052
2025-02-15,inner_train,1053
2025-02-15,inner_train,1061
2025-02-15,inner_train,1073
2025-02-15,inner_train,1089
2025-02-15,inner_train,1078
2025-02-15,inner_train,1076
2025-02-15,inner_train,1094
2025-02-15,inner_train,1096
2025-02-15,inner_train,1074
2025-02-15,inner_train,1063
2025-02-15,inner_train,1095
2025-02-15,inner_train,1077
2025-02-15,inner_train,1079
2025-02-15,inner_train,1081
2025-02-15,inner_train,1093
2025-02-15,inner_train,1080
2025-02-15,inner_train,1072
2025-02-15,inner_train,1068
2025-02-15,inner_train,1064
2025-02-15,inner_train,1082
2025-02-15,inner_train,1085
2025-02-15,inner_train,1086
2025-02-15,inner_train,1090
2025-02-15,inner_train,1067
2025-02-15,inner_train,1065
2025-02-15,inner_train,1066
2025-02-15,inner_train,1075
2025-02-15,inner_train,1087
2025-02-15,inner_train,1091
2025-02-15,inner_train,1088
2025-02-15,inner_train,1092
2025-02-15,inner_train,1069
2025-02-15,inner_train,1070
2025-02-15,inner_train,1071
2025-02-15,inner_train,1083
2025-02-15,inner_train,1084
2025-02-15,inner_train,1105
2025-02-15,inner_train,1124
2025-02-15,inner_train,1106
2025-02-15,inner_train,1108
2025-02-15,inner_train,1118
2025-02-15,inner_train,1107
2025-02-15,inner_train,1119
2025-02-15,inner_train,1116
2025-02-15,inner_train,1117
2025-02-15,inner_train,1125
2025-02-15,inner_train,1097
2025-02-15,inner_train,1098
2025-02-15,inner_train,1113
2025-02-15,inner_train,1112
2025-02-15,inner_train,1109
2025-02-15,inner_train,1120
2025-02-15,inner_train,1122
2025-02-15,inner_train,1114
2025-02-15,inner_train,1103
2025-02-15,inner_train,1104
2025-02-15,inner_train,1121
2025-02-15,inner_train,1115
2025-02-15,inner_train,1126
2025-02-15,inner_train,1127
2025-02-15,inner_train,1128
2025-02-15,inner_train,1110
2025-02-15,inner_train,1111
2025-02-15,inner_train,1123
2025-02-15,inner_train,1101
2025-02-15,inner_train,1100
2025-02-15,inner_train,1102
2025-02-15,inner_train,1099
2025-02-15,inner_val,1179
2025-02-15,inner_val,1181
2025-02-15,inner_val,1180
2025-02-15,inner_val,1188
2025-02-15,inner_val,1182
2025-02-15,inner_val,1167
2025-02-15,inner_val,1171
2025-02-15,inner_val,1190
2025-02-15,inner_val,1168
2025-02-15,inner_val,1208
2025-02-15,inner_val,1232
2025-02-15,inner_val,1203
2025-02-15,inner_val,1224
2025-02-15,inner_val,1222
2025-02-15,inner_val,1209
2025-02-15,inner_val,1204
2025-02-15,inner_val,1231
2025-02-15,inner_val,1225
2025-02-15,inner_val,1233
2025-02-15,inner_val,1210
2025-02-15,inner_val,1207
2025-02-15,inner_val,1216
2025-02-15,inner_val,1211
2025-02-15,inner_val,1212
2025-02-15,inner_val,1205
2025-02-15,inner_val,1206
2025-02-15,inner_val,1217
2025-02-15,inner_val,1200
2025-02-15,inner_val,1201
2025-02-15,inner_val,1226
2025-02-15,inner_val,1227
2025-02-15,inner_val,1218
2025-02-15,inner_val,1202
2025-02-15,inner_val,1199
2025-02-15,inner_val,1228
2025-02-15,inner_val,1219
2025-02-15,inner_val,1234
2025-02-15,inner_val,1235
2025-02-15,inner_val,1213
2025-02-15,inner_val,1221
2025-02-15,inner_val,1220
2025-02-15,inner_val,1229
2025-02-15,inner_val,1230
2025-02-15,inner_val,1214
2025-02-15,inner_val,1215
2025-02-15,inner_val,1263
2025-02-15,inner_val,1239
2025-02-15,inner_val,1246
2025-02-15,inner_val,1247
2025-02-15,inner_val,1264
2025-02-15,inner_val,1271
2025-02-15,inner_val,1272
2025-02-15,inner_val,1238
2025-02-15,inner_val,1269
2025-02-15,inner_val,1261
2025-02-15,inner_val,1273
2025-02-15,inner_val,1274
2025-02-15,inner_val,1242
2025-02-15,inner_val,1259
2025-02-15,inner_val,1243
2025-02-15,inner_val,1251
2025-02-15,inner_val,1252
2025-02-15,inner_val,1244
2025-02-15,inner_val,1254
2025-02-15,inner_val,1267
2025-02-15,inner_val,1268
2025-02-15,inner_val,1245
2025-02-15,inner_val,1255
2025-02-15,inner_val,1241
2025-02-15,inner_val,1240
2025-02-15,inner_val,1236
2025-02-15,inner_val,1250
2025-02-15,inner_val,1266
2025-02-15,inner_val,1275
2025-02-15,inner_val,1276
2025-02-15,inner_val,1248
2025-02-15,inner_val,1262
2025-02-15,inner_val,1265
2025-02-15,inner_val,1256
2025-02-15,inner_val,1277
2025-02-15,inner_val,1260
2025-02-15,inner_val,1237
2025-02-15,inner_val,1270
2025-02-15,inner_val,1253
2025-02-15,inner_val,1249
2025-02-15,inner_val,1257
2025-02-15,inner_val,1258
2025-02-15,inner_val,1307
2025-02-15,inner_val,1308
2025-02-15,inner_val,1295
2025-02-15,inner_val,1280
2025-02-15,inner_val,1283
2025-02-15,inner_val,1287
2025-02-15,inner_val,1294
2025-02-15,inner_val,1286
2025-02-15,inner_val,1297
2025-02-15,inner_val,1296
2025-02-15,inner_val,1293
2025-02-15,inner_val,1288
2025-02-15,inner_val,1298
2025-02-15,inner_val,1300
2025-02-15,inner_val,1306
2025-02-15,inner_val,1305
2025-02-15,inner_val,1301
2025-02-15,inner_val,1282
2025-02-15,inner_val,1281
2025-02-15,inner_val,1302
2025-02-15,inner_val,1303
2025-02-15,inner_val,1290
2025-02-15,inner_val,1284
2025-02-15,inner_val,1304
2025-02-15,inner_val,1291
2025-02-15,inner_val,1285
2025-02-15,inner_val,1289
2025-02-15,inner_val,1278
2025-02-15,inner_val,1279
2025-02-15,inner_val,1292
2025-02-15,inner_val,1309
2025-02-15,inner_val,1299
2025-02-15,inner_val,1330
2025-02-15,inner_val,1331
2025-02-15,inner_val,1332
2025-02-15,inner_val,1318
2025-02-15,inner_val,1339
2025-02-15,inner_val,1313
2025-02-15,inner_val,1310
2025-02-15,inner_val,1319
2025-02-15,inner_val,1333
2025-02-15,inner_val,1336
2025-02-15,inner_val,1311
2025-02-15,inner_val,1312
2025-02-15,inner_val,1334
2025-02-15,inner_val,1314
2025-02-15,inner_val,1316
2025-02-15,inner_val,1335
2025-02-15,inner_val,1323
2025-02-15,inner_val,1324
2025-02-15,inner_val,1317
2025-02-15,inner_val,1328
2025-02-15,inner_val,1340
2025-02-15,inner_val,1320
2025-02-15,inner_val,1315
2025-02-15,inner_val,1329
2025-02-15,inner_val,1321
2025-02-15,inner_val,1325
2025-02-15,inner_val,1341
2025-02-15,inner_val,1343
2025-02-15,inner_val,1342
2025-02-15,inner_val,1326
2025-02-15,inner_val,1370
2025-02-15,inner_val,1371
2025-02-15,val,1396
2025-02-15,val,1394
2025-02-15,val,1397
2025-02-15,val,1406
2025-02-15,val,1427
2025-02-15,val,1418
2025-02-15,val,1419
2025-02-15,val,1411
2025-02-15,val,1412
2025-02-15,val,1415
2025-02-15,val,1404
2025-02-15,val,1434
2025-02-15,val,1413
2025-02-15,val,1431
2025-02-15,val,1432
2025-02-15,val,1407
2025-02-15,val,1422
2025-02-15,val,1423
2025-02-15,val,1408
2025-02-15,val,1420
2025-02-15,val,1435
2025-02-15,val,1433
2025-02-15,val,1416
2025-02-15,val,1410
2025-02-15,val,1409
2025-02-15,val,1417
2025-02-15,val,1405
2025-02-15,val,1421
2025-02-15,val,1428
2025-02-15,val,1430
2025-02-15,val,1429
2025-02-15,val,1424
2025-02-15,val,1414
2025-02-15,val,1425
2025-02-15,val,1426
2025-02-15,val,1439
2025-02-15,val,1465
2025-02-15,val,1457
2025-02-15,val,1458
2025-02-15,val,1447
2025-02-15,val,1466
2025-02-15,val,1448
2025-02-15,val,1459
2025-02-15,val,1460
2025-02-15,val,1438
2025-02-15,val,1450
2025-02-15,val,1451
2025-02-15,val,1452
2025-02-15,val,1461
2025-02-15,val,1449
2025-02-15,val,1436
2025-02-15,val,1453
2025-02-15,val,1472
2025-02-15,val,1471
2025-02-15,val,1454
2025-02-15,val,1446
2025-02-15,val,1462
2025-02-15,val,1473
2025-02-15,val,1440
2025-02-15,val,1441
2025-02-15,val,1470
2025-02-15,val,1469
2025-02-15,val,1442
2025-02-15,val,1467
2025-02-15,val,1444
2025-02-15,val,1445
2025-02-15,val,1474
2025-02-15,val,1443
2025-02-15,val,1468
2025-02-15,val,1463
2025-02-15,val,1464
2025-02-15,val,1437
2025-02-15,val,1455
2025-02-15,val,1456
2025-02-15,val,1506
2025-02-15,val,1503
2025-02-15,val,1511
2025-02-15,val,1492
2025-02-15,val,1510
2025-02-15,val,1484
2025-02-15,val,1499
2025-02-15,val,1481
2025-02-15,val,1478
2025-02-15,val,1479
2025-02-15,val,1480
2025-02-15,val,1491
2025-02-15,val,1493
2025-02-15,val,1500
2025-02-15,val,1509
2025-02-15,val,1501
2025-02-15,val,1502
2025-02-15,val,1483
2025-02-15,val,1494
2025-02-15,val,1495
2025-02-15,val,1513
2025-02-15,val,1512
2025-02-15,val,1508
2025-02-15,val,1497
2025-02-15,val,1486
2025-02-15,val,1487
2025-02-15,val,1496
2025-02-15,val,1485
2025-02-15,val,1488
2025-02-15,val,1498
2025-02-15,val,1489
2025-02-15,val,1490
2025-02-15,val,1504
2025-02-15,val,1505
2025-02-15,val,1482
2025-02-15,val,1475
2025-02-15,val,1476
2025-02-15,val,1477
2025-02-15,val,1527
2025-02-15,val,1539
2025-02-15,val,1520
2025-02-15,val,1517
2025-02-15,val,1515
2025-02-15,val,1514
2025-02-15,val,1536
2025-02-15,val,1537
2025-02-15,val,1538
2025-02-15,val,1533
2025-02-15,val,1534
2025-02-15,val,1532
2025-02-15,val,1529
2025-02-15,val,1516
2025-02-15,val,1524
2025-02-15,val,1541
2025-02-15,val,1540
2025-02-15,val,1530
2025-02-15,val,1518
2025-02-15,val,1525
2025-02-15,val,1526
2025-02-15,val,1547
2025-02-15,val,1548
2025-02-15,val,1544
2025-02-15,val,1545
2025-02-15,val,1523
2025-02-15,val,1521
2025-02-15,val,1522
2025-02-15,val,1546
2025-02-15,val,1528
2025-02-15,val,1542
2025-02-15,val,1535
2025-02-15,val,1543
2025-02-15,val,1577
2025-02-15,val,1572
2025-02-15,val,1578
2025-02-15,val,1573
